PERSON_ID,FIRST_NAME,LAST_NAME,DISPLAY_FIRST_LAST,DISPLAY_LAST_COMMA_FIRST,DISPLAY_FI_LAST,PLAYER_SLUG,BIRTHDATE,SCHOOL,COUNTRY,LAST_AFFILIATION,HEIGHT,WEIGHT,SEASON_EXP,JERSEY,POSITION,ROSTERSTATUS,GAMES_PLAYED_CURRENT_SEASON_FLAG,TEAM_ID,TEAM_NAME,TEAM_ABBREVIATION,TEAM_CODE,TEAM_CITY,PLAYERCODE,FROM_YEAR,TO_YEAR,DLEAGUE_FLAG,NBA_FLAG,GAMES_PLAYED_FLAG,DRAFT_YEAR,DRAFT_ROUND,DRAFT_NUMBER,GREATEST_75_FLAG
78331,Mychal,Thompson,Mychal Thompson,"Thompson, Mychal",M. Thompson,mychal-thompson,1955-01-30T00:00:00,Minnesota,USA,Minnesota/USA,6-10,226.0,12,43.0,Center,Inactive,N,1610612757,Trail Blazers,POR,blazers,Portland,HISTADD_mychal_thompson,1978.0,1990.0,N,Y,Y,1978,1,1,N
76736,Phil,Ford,Phil Ford,"Ford, Phil",P. Ford,phil-ford,1956-02-09T00:00:00,North Carolina,USA,North Carolina/USA,6-2,175.0,7,1.0,Guard,Inactive,N,1610612758,Kings,KCK,kings,Kansas City,HISTADD_phil_ford,1978.0,1984.0,N,Y,Y,1978,1,2,N
77984,Rick,Robey,Rick Robey,"Robey, Rick",R. Robey,rick-robey,1956-01-30T00:00:00,Kentucky,USA,Kentucky/USA,6-11,230.0,8,8.0,Center,Inactive,N,1610612738,Celtics,BOS,celtics,Boston,HISTADD_rick_robey,1978.0,1985.0,N,Y,Y,1978,1,3,N
77952,Micheal Ray,Richardson,Micheal Ray Richardson,"Richardson, Micheal Ray",M. Richardson,micheal-ray-richardson,1955-04-11T00:00:00,Montana,USA,Montana/USA,6-5,189.0,8,20.0,Guard,Inactive,N,1610612752,Knicks,NYK,knicks,New York,HISTADD_micheal_ray_richardson,1978.0,1985.0,N,Y,Y,1978,1,4,N
78139,Purvis,Short,Purvis Short,"Short, Purvis",P. Short,purvis-short,1957-07-02T00:00:00,Jackson State,USA,Jackson State/USA,6-7,210.0,12,45.0,Forward,Inactive,N,1610612744,Warriors,GOS,warriors,Golden State,HISTADD_purvis_short,1978.0,1989.0,N,Y,Y,1978,1,5,N
1449,Larry,Bird,Larry Bird,"Bird, Larry",L. Bird,larry-bird,1956-12-07T00:00:00,Indiana State,USA,Indiana State/USA,6-9,220.0,13,33.0,Forward,Inactive,N,1610612738,Celtics,BOS,celtics,Boston,larry_bird,1979.0,1991.0,N,Y,Y,1978,1,6,Y
76249,Ron,Brewer,Ron Brewer,"Brewer, Ron",R. Brewer,ron-brewer,1955-09-16T00:00:00,Arkansas,USA,Arkansas/USA,6-4,180.0,8,10.0,Guard,Inactive,N,1610612757,Trail Blazers,POR,blazers,Portland,HISTADD_ron_brewer,1978.0,1985.0,N,Y,Y,1978,1,7,N
78548,Freeman,Williams,Freeman Williams,"Williams, Freeman",F. Williams,freeman-williams,1956-05-15T00:00:00,Portland State,USA,Portland State/USA,6-4,190.0,6,20.0,Guard,Inactive,N,1610612746,Clippers,SDC,clippers,San Diego,HISTADD_freeman_williams,1978.0,1985.0,N,Y,Y,1978,1,8,N
78310,Reggie,Theus,Reggie Theus,"Theus, Reggie",R. Theus,reggie-theus,1957-10-13T00:00:00,UNLV,USA,UNLV/USA,6-6,190.0,13,24.0,Guard,Inactive,N,1610612741,Bulls,CHI,bulls,Chicago,HISTADD_reggie_theus,1978.0,1990.0,N,Y,Y,1978,1,9,N
77356,Butch,Lee,Butch Lee,"Lee, Butch",B. Lee,butch-lee,1956-12-05T00:00:00,Marquette,USA,Marquette/USA,6-0,185.0,2,15.0,Guard,Inactive,N,1610612737,Hawks,ATL,hawks,Atlanta,HISTADD_butch_lee,1978.0,1979.0,N,Y,Y,1978,1,10,N
77142,Magic,Johnson,Magic Johnson,"Johnson, Magic",M. Johnson,magic-johnson,1959-08-14T00:00:00,Michigan State,USA,Michigan State/USA,6-9,220.0,13,32.0,Forward-Guard,Inactive,N,1610612747,Lakers,LAL,lakers,Los Angeles,HISTADD_magic_johnson,1979.0,1995.0,N,Y,Y,1979,1,1,Y
76881,David,Greenwood,David Greenwood,"Greenwood, David",D. Greenwood,david-greenwood,1957-05-27T00:00:00,UCLA,USA,UCLA/USA,6-9,222.0,12,33.0,Forward,Inactive,N,1610612741,Bulls,CHI,bulls,Chicago,HISTADD_david_greenwood,1979.0,1990.0,N,Y,Y,1979,1,2,N
76362,Bill,Cartwright,Bill Cartwright,"Cartwright, Bill",B. Cartwright,bill-cartwright,1957-07-30T00:00:00,San Francisco,USA,San Francisco/USA,7-1,245.0,15,24.0,Center,Inactive,N,1610612752,Knicks,NYK,knicks,New York,HISTADD_bill_cartwright,1979.0,1994.0,N,Y,Y,1979,1,3,N
77239,Greg,Kelser,Greg Kelser,"Kelser, Greg",G. Kelser,greg-kelser,1957-09-17T00:00:00,Michigan State,USA,Michigan State/USA,6-7,190.0,6,11.0,Forward,Inactive,N,1610612760,SuperSonics,SEA,thunder,Seattle,HISTADD_greg_kelser,1979.0,1984.0,N,Y,Y,1979,1,4,N
77626,Sidney,Moncrief,Sidney Moncrief,"Moncrief, Sidney",S. Moncrief,sidney-moncrief,1957-09-21T00:00:00,Arkansas,USA,Arkansas/USA,6-4,180.0,11,4.0,Guard,Inactive,N,1610612749,Bucks,MIL,bucks,Milwaukee,HISTADD_sidney_moncrief,1979.0,1990.0,N,Y,Y,1979,1,5,N
76085,James,Bailey,James Bailey,"Bailey, James",J. Bailey,james-bailey,1957-05-21T00:00:00,Rutgers,USA,Rutgers/USA,6-9,220.0,9,2.0,Forward,Inactive,N,1610612760,SuperSonics,SEA,thunder,Seattle,HISTADD_james_bailey,1979.0,1987.0,N,Y,Y,1979,1,6,N
77167,Vinnie,Johnson,Vinnie Johnson,"Johnson, Vinnie",V. Johnson,vinnie-johnson,1956-09-01T00:00:00,Baylor,USA,Baylor/USA,6-2,200.0,13,15.0,Guard,Inactive,N,1610612765,Pistons,DET,pistons,Detroit,HISTADD_vinnie_johnson,1979.0,1991.0,N,Y,Y,1979,1,7,N
77691,Calvin,Natt,Calvin Natt,"Natt, Calvin",C. Natt,calvin-natt,1957-01-08T00:00:00,Louisiana-Monroe,USA,Louisiana-Monroe/USA,6-6,220.0,11,42.0,Forward,Inactive,N,1610612757,Trail Blazers,POR,blazers,Portland,HISTADD_calvin_natt,1979.0,1989.0,N,Y,Y,1979,1,8,N
76553,Larry,Demic,Larry Demic,"Demic, Larry",L. Demic,larry-demic,1957-06-27T00:00:00,Arizona,USA,Arizona/USA,6-9,225.0,3,42.0,Forward,Inactive,N,1610612752,Knicks,NYK,knicks,New York,HISTADD_larry_demic,1979.0,1981.0,N,Y,Y,1979,1,9,N
76928,Roylee,Hamilton,Roylee Hamilton,"Hamilton, Roylee",R. Hamilton,roylee-hamilton,1957-07-20T00:00:00,UCLA,USA,UCLA/USA,6-2,180.0,2,23.0,Guard,Inactive,N,1610612765,Pistons,DET,pistons,Detroit,HISTADD_roy_hamilton,1979.0,1980.0,N,Y,Y,1979,1,10,N
76353,Joe Barry,Carroll,Joe Barry Carroll,"Carroll, Joe Barry",J. Carroll,joe-barry-carroll,1958-07-24T00:00:00,Purdue,USA,Purdue/USA,7-0,225.0,10,2.0,Center,Inactive,N,1610612744,Warriors,GOS,warriors,Golden State,HISTADD_joe_barry_carroll,1980.0,1990.0,N,Y,Y,1980,1,1,N
76890,Darrell,Griffith,Darrell Griffith,"Griffith, Darrell",D. Griffith,darrell-griffith,1958-06-16T00:00:00,Louisville,USA,Louisville/USA,6-4,190.0,10,35.0,Guard,Inactive,N,1610612762,Jazz,UTA,jazz,Utah,HISTADD_darrell_griffith,1980.0,1990.0,N,Y,Y,1980,1,2,N
1450,Kevin,McHale,Kevin McHale,"McHale, Kevin",K. McHale,kevin-mchale,1957-12-19T00:00:00,Minnesota,USA,Minnesota/USA,6-10,210.0,13,32.0,Forward,Inactive,N,1610612738,Celtics,BOS,celtics,Boston,kevin_mchale,1980.0,1992.0,N,Y,Y,1980,1,3,Y
77911,Kelvin,Ransey,Kelvin Ransey,"Ransey, Kelvin",K. Ransey,kelvin-ransey,1958-05-03T00:00:00,Ohio State,USA,Ohio State/USA,6-2,170.0,6,14.0,Guard,Inactive,N,1610612751,Nets,NJN,nets,New Jersey,HISTADD_kelvin_ransey,1980.0,1985.0,N,Y,Y,1980,1,4,N
77920,Jamesearl,Ray,Jamesearl Ray,"Ray, Jamesearl",J. Ray,jamesearl-ray,1957-07-27T00:00:00,Jacksonville,USA,Jacksonville/USA,6-8,215.0,3,43.0,Forward,Inactive,N,1610612743,Nuggets,DEN,nuggets,Denver,HISTADD_james_earl_ray,1980.0,1982.0,N,Y,Y,1980,1,5,N
77754,Mike,O'Koren,Mike O'Koren,"O'Koren, Mike",M. O'Koren,mike-okoren,1958-02-07T00:00:00,North Carolina,USA,North Carolina/USA,6-7,207.0,8,31.0,Forward,Inactive,N,1610612751,Nets,NJN,nets,New Jersey,HISTADD_mike_okoren,1980.0,1987.0,N,Y,Y,1980,1,6,N
76826,Mike,Gminski,Mike Gminski,"Gminski, Mike",M. Gminski,mike-gminski,1959-08-03T00:00:00,Duke,USA,Duke/USA,6-11,250.0,14,43.0,Center,Inactive,N,1610612751,Nets,NJN,nets,New Jersey,HISTADD_mike_gminski,1980.0,1993.0,N,Y,Y,1980,1,7,N
78351,Andrew,Toney,Andrew Toney,"Toney, Andrew",A. Toney,andrew-toney,1957-11-23T00:00:00,Louisiana-Lafayette,USA,Louisiana-Lafayette/USA,6-3,178.0,8,22.0,Guard,Inactive,N,1610612755,76ers,PHI,sixers,Philadelphia,HISTADD_andrew_toney,1980.0,1987.0,N,Y,Y,1980,1,8,N
76266,Michael,Brooks,Michael Brooks,"Brooks, Michael",M. Brooks,michael-brooks,1958-08-17T00:00:00,La Salle,USA,La Salle/USA,6-7,220.0,6,35.0,Forward,Inactive,N,1610612746,Clippers,SDC,clippers,San Diego,HISTADD_michael_brooks,1980.0,1987.0,N,Y,Y,1980,1,9,N
77373,Ronnie,Lester,Ronnie Lester,"Lester, Ronnie",R. Lester,ronnie-lester,1959-01-01T00:00:00,Iowa,USA,Iowa/USA,6-2,175.0,6,12.0,Guard,Inactive,N,1610612741,Bulls,CHI,bulls,Chicago,HISTADD_ronnie_lester,1980.0,1985.0,N,Y,Y,1980,1,10,N
76016,Mark,Aguirre,Mark Aguirre,"Aguirre, Mark",M. Aguirre,mark-aguirre,1959-12-10T00:00:00,DePaul,USA,DePaul/USA,6-6,232.0,13,7.0,Forward,Inactive,N,1610612742,Mavericks,DAL,mavericks,Dallas,HISTADD_mark_aguirre,1981.0,1993.0,N,Y,Y,1981,1,1,N
78318,Isiah,Thomas,Isiah Thomas,"Thomas, Isiah",I. Thomas,isiah-thomas,1961-04-30T00:00:00,Indiana,USA,Indiana/USA,6-1,180.0,13,11.0,Guard,Inactive,N,1610612765,Pistons,DET,pistons,Detroit,HISTADD_isiah_thomas,1981.0,1993.0,N,Y,Y,1981,1,2,Y
433,Buck,Williams,Buck Williams,"Williams, Buck",B. Williams,buck-williams,1960-03-08T00:00:00,Maryland,USA,Maryland/USA,6-8,225.0,17,52.0,Forward,Inactive,N,1610612751,Nets,NJN,nets,New Jersey,buck_williams,1981.0,1997.0,N,Y,Y,1981,1,3,N
78610,Al,Wood,Al Wood,"Wood, Al",A. Wood,al-wood,1958-06-02T00:00:00,North Carolina,USA,North Carolina/USA,6-6,193.0,6,4.0,Guard,Inactive,N,1610612760,SuperSonics,SEA,thunder,Seattle,HISTADD_al_wood,1981.0,1986.0,N,Y,Y,1981,1,4,N
78423,Danny,Vranes,Danny Vranes,"Vranes, Danny",D. Vranes,danny-vranes,1958-10-29T00:00:00,Utah,USA,Utah/USA,6-7,210.0,7,20.0,Forward,Inactive,N,1610612760,SuperSonics,SEA,thunder,Seattle,HISTADD_danny_vranes,1981.0,1987.0,N,Y,Y,1981,1,5,N
78615,Orlando,Woolridge,Orlando Woolridge,"Woolridge, Orlando",O. Woolridge,orlando-woolridge,1959-12-16T00:00:00,Notre Dame,USA,Notre Dame/USA,6-9,215.0,13,0.0,Forward,Inactive,N,1610612741,Bulls,CHI,bulls,Chicago,HISTADD_orlando_woolridge,1981.0,1993.0,N,Y,Y,1981,1,6,N
77134,Steve,Johnson,Steve Johnson,"Johnson, Steve",S. Johnson,steve-johnson,1957-11-03T00:00:00,Oregon State,USA,Oregon State/USA,6-10,235.0,10,33.0,Center,Inactive,N,1610612758,Kings,KCK,kings,Kansas City,HISTADD_steve_johnson,1981.0,1990.0,N,Y,Y,1981,1,7,N
1472,Tom,Chambers,Tom Chambers,"Chambers, Tom",T. Chambers,tom-chambers,1959-06-21T00:00:00,Utah,USA,Utah/USA,6-10,220.0,16,24.0,Forward,Inactive,N,0,,,,,tom_chambers,1981.0,1997.0,N,Y,Y,1981,1,8,N
76176,Rolando,Blackman,Rolando Blackman,"Blackman, Rolando",R. Blackman,rolando-blackman,1959-02-26T00:00:00,Kansas State,USA,Kansas State/USA,6-6,190.0,13,22.0,Guard,Inactive,N,1610612742,Mavericks,DAL,mavericks,Dallas,HISTADD_rolando_blackman,1981.0,1993.0,N,Y,Y,1981,1,9,N
77263,Albert,King,Albert King,"King, Albert",A. King,albert-king,1959-12-17T00:00:00,Maryland,USA,Maryland/USA,6-6,190.0,9,15.0,Forward,Inactive,N,1610612751,Nets,NJN,nets,New Jersey,HISTADD_albert_king,1981.0,1991.0,N,Y,Y,1981,1,10,N
1460,James,Worthy,James Worthy,"Worthy, James",J. Worthy,james-worthy,1961-02-27T00:00:00,North Carolina,USA,North Carolina/USA,6-9,225.0,12,42.0,Forward,Inactive,N,1610612747,Lakers,LAL,lakers,Los Angeles,james_worthy,1982.0,1993.0,N,Y,Y,1982,1,1,Y
187,Terry,Cummings,Terry Cummings,"Cummings, Terry",T. Cummings,terry-cummings,1961-03-15T00:00:00,DePaul,USA,DePaul/USA,6-9,220.0,18,,Forward,Inactive,N,0,,,,,terry_cummings,1982.0,1999.0,N,Y,Y,1982,1,2,N
1122,Dominique,Wilkins,Dominique Wilkins,"Wilkins, Dominique",D. Wilkins,dominique-wilkins,1960-01-12T00:00:00,Georgia,USA,Georgia/USA,6-8,230.0,15,21.0,Forward,Inactive,N,1610612737,Hawks,ATL,hawks,Atlanta,dominique_wilkins,1982.0,1998.0,N,Y,Y,1982,1,3,Y
76785,Bill,Garnett,Bill Garnett,"Garnett, Bill",B. Garnett,bill-garnett,1960-04-22T00:00:00,Wyoming,USA,Wyoming/USA,6-9,225.0,4,20.0,Forward,Inactive,N,1610612742,Mavericks,DAL,mavericks,Dallas,HISTADD_bill_garnett,1982.0,1985.0,N,Y,Y,1982,1,4,N
78,LaSalle,Thompson,LaSalle Thompson,"Thompson, LaSalle",L. Thompson,lasalle-thompson,1961-06-23T00:00:00,Texas,USA,Texas/USA,6-10,245.0,15,,Center,Inactive,N,0,,,,,lasalle_thompson,1982.0,1996.0,N,Y,Y,1982,1,5,N
78375,Trent,Tucker,Trent Tucker,"Tucker, Trent",T. Tucker,trent-tucker,1959-12-20T00:00:00,Minnesota,USA,Minnesota/USA,6-5,193.0,11,6.0,Guard,Inactive,N,1610612752,Knicks,NYK,knicks,New York,HISTADD_trent_tucker,1982.0,1992.0,N,Y,Y,1982,1,6,N
76497,Quintin,Dailey,Quintin Dailey,"Dailey, Quintin",Q. Dailey,quintin-dailey,1961-01-22T00:00:00,San Francisco,USA,San Francisco/USA,6-3,180.0,10,20.0,Guard,Inactive,N,1610612741,Bulls,CHI,bulls,Chicago,HISTADD_quintin_dailey,1982.0,1991.0,N,Y,Y,1982,1,7,N
77236,Clark,Kellogg,Clark Kellogg,"Kellogg, Clark",C. Kellogg,clark-kellogg,1961-07-02T00:00:00,Ohio State,USA,Ohio State/USA,6-7,225.0,5,33.0,Forward,Inactive,N,1610612754,Pacers,IND,pacers,Indiana,HISTADD_clark_kellogg,1982.0,1986.0,N,Y,Y,1982,1,8,N
77377,Cliff,Levingston,Cliff Levingston,"Levingston, Cliff",C. Levingston,cliff-levingston,1961-01-04T00:00:00,Wichita State,USA,Wichita State/USA,6-8,210.0,11,53.0,Forward,Inactive,N,1610612737,Hawks,ATL,hawks,Atlanta,HISTADD_cliff_levingston,1982.0,1994.0,N,Y,Y,1982,1,9,N
76638,Keith,Edmonson,Keith Edmonson,"Edmonson, Keith",K. Edmonson,keith-edmonson,1960-09-28T00:00:00,Purdue,USA,Purdue/USA,6-5,195.0,2,10.0,Guard,Inactive,N,1610612759,Spurs,SAS,spurs,San Antonio,HISTADD_keith_edmonson,1982.0,1983.0,N,Y,Y,1982,1,10,N
78055,Ralph,Sampson,Ralph Sampson,"Sampson, Ralph",R. Sampson,ralph-sampson,1960-07-07T00:00:00,Virginia,USA,Virginia/USA,7-4,228.0,9,50.0,Center,Inactive,N,1610612745,Rockets,HOU,rockets,Houston,HISTADD_ralph_sampson,1983.0,1991.0,N,Y,Y,1983,1,1,N
78257,Steve,Stipanovich,Steve Stipanovich,"Stipanovich, Steve",S. Stipanovich,steve-stipanovich,1960-11-17T00:00:00,Missouri,USA,Missouri/USA,6-11,245.0,5,40.0,Center,Inactive,N,1610612754,Pacers,IND,pacers,Indiana,HISTADD_steve_stipanovich,1983.0,1987.0,N,Y,Y,1983,1,2,N
1622,Rodney,McCray,Rodney McCray,"McCray, Rodney",R. McCray,rodney-mccray,1961-08-29T00:00:00,Louisville,USA,Louisville/USA,6-8,220.0,10,22.0,Forward,Inactive,N,1610612745,Rockets,HOU,rockets,Houston,rodney_mccray,1983.0,1992.0,N,Y,Y,1983,1,3,N
2,Byron,Scott,Byron Scott,"Scott, Byron",B. Scott,byron-scott,1961-03-28T00:00:00,Arizona State,USA,Arizona State/USA,6-4,205.0,14,,Guard,Inactive,N,1610612747,Lakers,LAL,lakers,Los Angeles,byron_scott,1983.0,1996.0,N,Y,Y,1983,1,4,N
76876,Sidney,Green,Sidney Green,"Green, Sidney",S. Green,sidney-green,1961-01-04T00:00:00,UNLV,USA,UNLV/USA,6-9,220.0,10,21.0,Forward,Inactive,N,1610612741,Bulls,CHI,bulls,Chicago,HISTADD_sidney_green,1983.0,1992.0,N,Y,Y,1983,1,5,N
76478,Russell,Cross,Russell Cross,"Cross, Russell",R. Cross,russell-cross,1961-09-05T00:00:00,Purdue,USA,Purdue/USA,6-10,215.0,1,40.0,Center,Inactive,N,1610612744,Warriors,GOS,warriors,Golden State,HISTADD_russell_cross,1983.0,1983.0,N,Y,Y,1983,1,6,N
1847,Thurl,Bailey,Thurl Bailey,"Bailey, Thurl",T. Bailey,thurl-bailey,1961-04-07T00:00:00,North Carolina State,USA,North Carolina State/USA,6-11,247.0,12,41.0,Forward,Inactive,N,1610612762,Jazz,UTA,jazz,Utah,thurl_bailey,1983.0,1998.0,N,Y,Y,1983,1,7,N
156,Antoine,Carr,Antoine Carr,"Carr, Antoine",A. Carr,antoine-carr,1961-07-23T00:00:00,Wichita State,USA,Wichita State/USA,6-9,225.0,16,,Forward,Inactive,N,0,,,,,antoine_carr,1984.0,1999.0,N,Y,Y,1983,1,8,N
107,Dale,Ellis,Dale Ellis,"Ellis, Dale",D. Ellis,dale-ellis,1960-08-06T00:00:00,Tennessee,USA,Tennessee/USA,6-7,205.0,17,,Guard,Inactive,N,0,,,,,dale_ellis,1983.0,1999.0,N,Y,Y,1983,1,9,N
117,Jeff,Malone,Jeff Malone,"Malone, Jeff",J. Malone,jeff-malone,1961-06-28T00:00:00,Mississippi State,USA,Mississippi State/USA,6-4,205.0,13,,Guard,Inactive,N,0,,,,,jeff_malone,1983.0,1995.0,N,Y,Y,1983,1,10,N
165,Hakeem,Olajuwon,Hakeem Olajuwon,"Olajuwon, Hakeem",H. Olajuwon,hakeem-olajuwon,1963-01-21T00:00:00,Houston,Nigeria,Houston/Nigeria,7-0,255.0,19,34.0,Center,Inactive,N,1610612745,Rockets,HOU,rockets,Houston,hakeem_olajuwon,1984.0,2002.0,N,Y,Y,1984,1,1,Y
76217,Sam,Bowie,Sam Bowie,"Bowie, Sam",S. Bowie,sam-bowie,1961-03-17T00:00:00,Kentucky,USA,Kentucky/USA,7-1,235.0,10,31.0,Center,Inactive,N,1610612751,Nets,NJN,nets,New Jersey,HISTADD_sam_bowie,1984.0,1994.0,N,Y,Y,1984,1,2,N
893,Michael,Jordan,Michael Jordan,"Jordan, Michael",M. Jordan,michael-jordan,1963-02-17T00:00:00,North Carolina,USA,North Carolina/USA,6-6,216.0,15,23.0,Guard,Inactive,N,1610612741,Bulls,CHI,bulls,Chicago,michael_jordan,1984.0,2002.0,N,Y,Y,1984,1,3,Y
64,Sam,Perkins,Sam Perkins,"Perkins, Sam",S. Perkins,sam-perkins,1961-06-14T00:00:00,North Carolina,USA,North Carolina/USA,6-9,260.0,17,14.0,Center-Forward,Inactive,N,1610612742,Mavericks,DAL,mavericks,Dallas,sam_perkins,1984.0,2000.0,N,Y,Y,1984,1,4,N
787,Charles,Barkley,Charles Barkley,"Barkley, Charles",C. Barkley,charles-barkley,1963-02-20T00:00:00,Auburn,USA,Auburn/USA,6-6,252.0,16,34.0,Forward,Inactive,N,1610612755,76ers,PHI,sixers,Philadelphia,charles_barkley,1984.0,1999.0,N,Y,Y,1984,1,5,Y
78386,Mel,Turpin,Mel Turpin,"Turpin, Mel",M. Turpin,mel-turpin,1960-12-28T00:00:00,Kentucky,USA,Kentucky/USA,6-11,240.0,5,50.0,Center,Inactive,N,1610612739,Cavaliers,CLE,cavaliers,Cleveland,HISTADD_mel_turpin,1984.0,1989.0,N,Y,Y,1984,1,6,N
926,Alvin,Robertson,Alvin Robertson,"Robertson, Alvin",A. Robertson,alvin-robertson,1962-07-22T00:00:00,Arkansas,USA,Arkansas/USA,6-4,208.0,10,7.0,Guard,Inactive,N,1610612759,Spurs,SAS,spurs,San Antonio,alvin_robertson,1984.0,1995.0,N,Y,Y,1984,1,7,N
76834,Lancaster,Gordon,Lancaster Gordon,"Gordon, Lancaster",L. Gordon,lancaster-gordon,1962-06-24T00:00:00,Louisville,USA,Louisville/USA,6-3,185.0,4,4.0,Guard,Inactive,N,1610612746,Clippers,LAC,clippers,Los Angeles,HISTADD_lancaster_gordon,1984.0,1987.0,N,Y,Y,1984,1,8,N
901,Otis,Thorpe,Otis Thorpe,"Thorpe, Otis",O. Thorpe,otis-thorpe,1962-08-05T00:00:00,Providence,USA,Providence/USA,6-10,248.0,17,52.0,Center-Forward,Inactive,N,1610612745,Rockets,HOU,rockets,Houston,otis_thorpe,1984.0,2000.0,N,Y,Y,1984,1,9,N
78611,Leon,Wood,Leon Wood,"Wood, Leon",L. Wood,leon-wood,1962-03-25T00:00:00,California State-Fullerton,USA,California State-Fullerton/USA,6-3,185.0,6,,Guard,Inactive,N,1610612751,Nets,NJN,nets,New Jersey,HISTADD_leon_wood,1984.0,1990.0,N,Y,Y,1984,1,10,N
121,Patrick,Ewing,Patrick Ewing,"Ewing, Patrick",P. Ewing,patrick-ewing,1962-08-05T00:00:00,Georgetown,Jamaica,Georgetown/Jamaica,7-0,255.0,17,33.0,Center,Inactive,N,1610612752,Knicks,NYK,knicks,New York,patrick_ewing,1985.0,2001.0,N,Y,Y,1985,1,1,Y
47,Wayman,Tisdale,Wayman Tisdale,"Tisdale, Wayman",W. Tisdale,wayman-tisdale,1964-06-09T00:00:00,Oklahoma,USA,Oklahoma/USA,6-9,260.0,12,23.0,Forward,Inactive,N,1610612758,Kings,SAC,kings,Sacramento,wayman_tisdale,1985.0,1996.0,N,Y,Y,1985,1,2,N
104,Benoit,Benjamin,Benoit Benjamin,"Benjamin, Benoit",B. Benjamin,benoit-benjamin,1964-11-22T00:00:00,Creighton,USA,Creighton/USA,7-0,250.0,15,,Center,Inactive,N,0,,,,,benoit_benjamin,1985.0,1999.0,N,Y,Y,1985,1,3,N
1365,Xavier,McDaniel,Xavier McDaniel,"McDaniel, Xavier",X. McDaniel,xavier-mcdaniel,1963-06-04T00:00:00,Wichita State,USA,Wichita State/USA,6-7,205.0,12,,Forward,Inactive,N,0,,,,,xavier_mcdaniel,1985.0,1997.0,N,Y,Y,1985,1,4,N
402,Jon,Koncak,Jon Koncak,"Koncak, Jon",J. Koncak,jon-koncak,1963-05-17T00:00:00,Southern Methodist,USA,Southern Methodist/USA,7-0,250.0,11,45.0,Center,Inactive,N,1610612737,Hawks,ATL,hawks,Atlanta,jon_koncak,1985.0,1995.0,N,Y,Y,1985,1,5,N
170,Joe,Kleine,Joe Kleine,"Kleine, Joe",J. Kleine,joe-kleine,1962-01-04T00:00:00,Arkansas,USA,Arkansas/USA,6-11,255.0,15,,Center,Inactive,N,0,,,,,joe_kleine,1985.0,1999.0,N,Y,Y,1985,1,6,N
904,Chris,Mullin,Chris Mullin,"Mullin, Chris",C. Mullin,chris-mullin,1963-07-30T00:00:00,St. John's (NY),USA,St. John's (NY)/USA,,,16,17.0,Forward,Inactive,N,0,,,,,chris_mullin,1985.0,2000.0,N,Y,Y,1985,1,7,N
96,Detlef,Schrempf,Detlef Schrempf,"Schrempf, Detlef",D. Schrempf,detlef-schrempf,1963-01-21T00:00:00,Washington,USA,Washington/USA,6-10,235.0,16,12.0,Forward,Inactive,N,1610612760,SuperSonics,SEA,thunder,Seattle,detlef_schrempf,1985.0,2000.0,N,Y,Y,1985,1,8,N
891,Charles,Oakley,Charles Oakley,"Oakley, Charles",C. Oakley,charles-oakley,1963-12-18T00:00:00,Virginia Union,USA,Virginia Union/USA,6-9,245.0,19,33.0,Forward,Inactive,N,1610612752,Knicks,NYK,knicks,New York,charles_oakley,1985.0,2003.0,N,Y,Y,1985,1,9,N
291,Ed,Pinckney,Ed Pinckney,"Pinckney, Ed",E. Pinckney,ed-pinckney,1963-03-27T00:00:00,Villanova,USA,Villanova/USA,6-9,240.0,12,54.0,Forward,Inactive,N,1610612738,Celtics,BOS,celtics,Boston,ed_pinckney,1985.0,1996.0,N,Y,Y,1985,1,10,N
921,Brad,Daugherty,Brad Daugherty,"Daugherty, Brad",B. Daugherty,brad-daugherty,1965-10-19T00:00:00,North Carolina,USA,North Carolina/USA,7-0,245.0,8,43.0,Center,Inactive,N,1610612739,Cavaliers,CLE,cavaliers,Cleveland,brad_daugherty,1986.0,1993.0,N,Y,Y,1986,1,1,N
83362,Len,Bias,Len Bias,"Bias, Len",L. Bias,len-bias,,Maryland,,Maryland,,,0,,,Inactive,N,0,,,,,,,,N,N,N,1986,1,2,N
78463,Chris,Washburn,Chris Washburn,"Washburn, Chris",C. Washburn,chris-washburn,1965-05-13T00:00:00,North Carolina State,USA,North Carolina State/USA,6-11,225.0,2,50.0,Center,Inactive,N,1610612744,Warriors,GOS,warriors,Golden State,HISTADD_chris_washburn,1986.0,1987.0,N,Y,Y,1986,1,3,N
456,Chuck,Person,Chuck Person,"Person, Chuck",C. Person,chuck-person,1964-06-27T00:00:00,Auburn,USA,Auburn/USA,6-8,241.0,13,45.0,Forward,Inactive,N,1610612754,Pacers,IND,pacers,Indiana,chuck_person,1986.0,1999.0,N,Y,Y,1986,1,4,N
78440,Kenny,Walker,Kenny Walker,"Walker, Kenny",K. Walker,kenny-walker,1964-08-18T00:00:00,Kentucky,USA,Kentucky/USA,6-8,210.0,7,15.0,Forward,Inactive,N,1610612752,Knicks,NYK,knicks,New York,HISTADD_kenny_walker,1986.0,1994.0,N,Y,Y,1986,1,5,N
76138,William,Bedford,William Bedford,"Bedford, William",W. Bedford,william-bedford,1963-12-14T00:00:00,Memphis,USA,Memphis/USA,7-0,225.0,6,0.0,Center,Inactive,N,1610612765,Pistons,DET,pistons,Detroit,HISTADD_william_bedford,1986.0,1992.0,N,Y,Y,1986,1,6,N
78293,Roy,Tarpley,Roy Tarpley,"Tarpley, Roy",R. Tarpley,roy-tarpley,1964-11-28T00:00:00,Michigan,USA,Michigan/USA,7-0,230.0,6,42.0,Forward,Inactive,N,1610612742,Mavericks,DAL,mavericks,Dallas,HISTADD_roy_tarpley,1986.0,1994.0,N,Y,Y,1986,1,7,N
166,Ron,Harper,Ron Harper,"Harper, Ron",R. Harper,ron-harper,1964-01-20T00:00:00,Miami (Ohio),USA,Miami (Ohio)/USA,6-6,215.0,15,4.0,Guard,Inactive,N,1610612741,Bulls,CHI,bulls,Chicago,ron_harper,1986.0,2000.0,N,Y,Y,1986,1,8,N
78110,Brad,Sellers,Brad Sellers,"Sellers, Brad",B. Sellers,brad-sellers,1962-12-17T00:00:00,Ohio State,USA,Ohio State/USA,7-0,210.0,6,4.0,Forward,Inactive,N,1610612741,Bulls,CHI,bulls,Chicago,HISTADD_brad_sellers,1986.0,1992.0,N,Y,Y,1986,1,9,N
1008,Johnny,Dawkins,Johnny Dawkins,"Dawkins, Johnny",J. Dawkins,johnny-dawkins,1963-09-28T00:00:00,Duke,USA,Duke/USA,6-2,165.0,9,12.0,Guard,Inactive,N,1610612755,76ers,PHI,sixers,Philadelphia,johnny_dawkins,1986.0,1994.0,N,Y,Y,1986,1,10,N
764,David,Robinson,David Robinson,"Robinson, David",D. Robinson,david-robinson,1965-08-06T00:00:00,Navy,USA,Navy/USA,7-1,250.0,14,50.0,Center,Inactive,N,1610612759,Spurs,SAS,spurs,San Antonio,david_robinson,1989.0,2002.0,N,Y,Y,1987,1,1,Y
288,Armen,Gilliam,Armen Gilliam,"Gilliam, Armen",A. Gilliam,armen-gilliam,1964-05-28T00:00:00,UNLV,USA,UNLV/USA,6-9,260.0,12,5.0,Forward,Inactive,N,1610612751,Nets,NJN,nets,New Jersey,armen_gilliam,1987.0,1999.0,N,Y,Y,1987,1,2,N
77054,Dennis,Hopson,Dennis Hopson,"Hopson, Dennis",D. Hopson,dennis-hopson,1965-04-22T00:00:00,Ohio State,USA,Ohio State/USA,6-5,200.0,5,20.0,Forward,Inactive,N,1610612751,Nets,NJN,nets,New Jersey,HISTADD_dennis_hopson,1987.0,1991.0,N,Y,Y,1987,1,3,N
199,Reggie,Williams,Reggie Williams,"Williams, Reggie",R. Williams,reggie-williams,1964-03-05T00:00:00,Georgetown,USA,Georgetown/USA,,,10,,,Inactive,N,0,,,,,reggie_williams,1987.0,1996.0,N,Y,Y,1987,1,4,N
937,Scottie,Pippen,Scottie Pippen,"Pippen, Scottie",S. Pippen,scottie-pippen,1965-09-25T00:00:00,Central Arkansas,USA,Central Arkansas/USA,6-8,228.0,18,33.0,Forward-Guard,Inactive,N,1610612741,Bulls,CHI,bulls,Chicago,scottie_pippen,1987.0,2003.0,N,Y,Y,1987,1,5,Y
181,Kenny,Smith,Kenny Smith,"Smith, Kenny",K. Smith,kenny-smith,1965-03-08T00:00:00,North Carolina,USA,North Carolina/USA,6-3,170.0,10,30.0,Guard,Inactive,N,1610612745,Rockets,HOU,rockets,Houston,kenny_smith,1987.0,1996.0,N,Y,Y,1987,1,6,N
134,Kevin,Johnson,Kevin Johnson,"Johnson, Kevin",K. Johnson,kevin-johnson,1966-03-04T00:00:00,California,USA,California/USA,6-1,190.0,12,7.0,Guard,Inactive,N,1610612756,Suns,PHX,suns,Phoenix,kevin_johnson,1987.0,1999.0,N,Y,Y,1987,1,7,N
178,Olden,Polynice,Olden Polynice,"Polynice, Olden",O. Polynice,olden-polynice,1964-11-21T00:00:00,Virginia,USA,Virginia/USA,6-10,250.0,15,,Center-Forward,Inactive,N,0,,,,,olden_polynice,1987.0,2003.0,N,Y,Y,1987,1,8,N
365,Derrick,McKey,Derrick McKey,"McKey, Derrick",D. McKey,derrick-mckey,1966-10-10T00:00:00,Alabama,USA,Alabama/USA,6-10,241.0,15,9.0,Forward,Inactive,N,1610612754,Pacers,IND,pacers,Indiana,derrick_mckey,1987.0,2001.0,N,Y,Y,1987,1,9,N
270,Horace,Grant,Horace Grant,"Grant, Horace",H. Grant,horace-grant,1965-07-04T00:00:00,Clemson,USA,Clemson/USA,6-10,245.0,18,54.0,Center,Inactive,N,1610612741,Bulls,CHI,bulls,Chicago,horace_grant,1987.0,2003.0,N,Y,Y,1987,1,10,N
330,Danny,Manning,Danny Manning,"Manning, Danny",D. Manning,danny-manning,1966-05-17T00:00:00,Kansas,USA,Kansas/USA,6-10,234.0,16,,Forward-Center,Inactive,N,0,,,,,danny_manning,1988.0,2002.0,N,Y,Y,1988,1,1,N
22,Rik,Smits,Rik Smits,"Smits, Rik",R. Smits,rik-smits,1966-08-23T00:00:00,Marist,USA,Marist/USA,7-4,265.0,12,45.0,Center,Inactive,N,1610612754,Pacers,IND,pacers,Indiana,rik_smits,1988.0,1999.0,N,Y,Y,1988,1,2,N
293,Charles,Smith,Charles Smith,"Smith, Charles",C. Smith,charles-smith,1965-07-16T00:00:00,Pittsburgh,USA,Pittsburgh/USA,6-10,244.0,9,54.0,Forward,Inactive,N,1610612746,Clippers,LAC,clippers,Los Angeles,charles_smith,1988.0,1996.0,N,Y,Y,1988,1,3,N
356,Chris,Morris,Chris Morris,"Morris, Chris",C. Morris,chris-morris,1966-01-20T00:00:00,Auburn,USA,Auburn/USA,6-8,228.0,11,34.0,Forward,Inactive,N,1610612751,Nets,NJN,nets,New Jersey,chris_morris,1988.0,1998.0,N,Y,Y,1988,1,4,N
782,Mitch,Richmond,Mitch Richmond,"Richmond, Mitch",M. Richmond,mitch-richmond,1965-06-30T00:00:00,Kansas State,USA,Kansas State/USA,6-5,220.0,14,2.0,Guard,Inactive,N,1610612758,Kings,SAC,kings,Sacramento,mitch_richmond,1988.0,2001.0,N,Y,Y,1988,1,5,N
765,Hersey,Hawkins,Hersey Hawkins,"Hawkins, Hersey",H. Hawkins,hersey-hawkins,1966-09-29T00:00:00,Bradley,USA,Bradley/USA,6-3,200.0,13,33.0,Guard,Inactive,N,1610612755,76ers,PHI,sixers,Philadelphia,hersey_hawkins,1988.0,2000.0,N,Y,Y,1988,1,6,N
897,Tim,Perry,Tim Perry,"Perry, Tim",T. Perry,tim-perry,1965-06-04T00:00:00,Temple,USA,Temple/USA,6-9,200.0,8,,Forward,Inactive,N,0,,,,,tim_perry,1988.0,1995.0,N,Y,Y,1988,1,7,N
364,Rex,Chapman,Rex Chapman,"Chapman, Rex",R. Chapman,rex-chapman,1967-10-05T00:00:00,Kentucky,USA,Kentucky/USA,6-4,185.0,12,,Guard,Inactive,N,0,,,,,rex_chapman,1988.0,1999.0,N,Y,Y,1988,1,8,N
938,Rony,Seikaly,Rony Seikaly,"Seikaly, Rony",R. Seikaly,rony-seikaly,1965-05-10T00:00:00,Syracuse,USA,Syracuse/USA,6-11,253.0,11,2.0,Center,Inactive,N,1610612748,Heat,MIA,heat,Miami,rony_seikaly,1988.0,1998.0,N,Y,Y,1988,1,9,N
335,Willie,Anderson,Willie Anderson,"Anderson, Willie",W. Anderson,willie-anderson,1967-01-08T00:00:00,Georgia,USA,Georgia/USA,6-8,200.0,8,35.0,Guard-Forward,Inactive,N,1610612759,Spurs,SAS,spurs,San Antonio,willie_anderson,1988.0,1996.0,N,Y,Y,1988,1,10,N
442,Pervis,Ellison,Pervis Ellison,"Ellison, Pervis",P. Ellison,pervis-ellison,1967-04-03T00:00:00,Louisville,USA,Louisville/USA,,,11,,Center,Inactive,N,0,,,,,pervis_ellison,1989.0,2000.0,N,Y,Y,1989,1,1,N
198,Danny,Ferry,Danny Ferry,"Ferry, Danny",D. Ferry,danny-ferry,1966-10-17T00:00:00,Duke,USA,Duke/USA,6-10,235.0,14,35.0,Forward,Inactive,N,1610612739,Cavaliers,CLE,cavaliers,Cleveland,danny_ferry,1990.0,2002.0,N,Y,Y,1989,1,2,N
251,Sean,Elliott,Sean Elliott,"Elliott, Sean",S. Elliott,sean-elliott,1968-02-02T00:00:00,Arizona,USA,Arizona/USA,6-8,220.0,12,32.0,Forward,Inactive,N,1610612759,Spurs,SAS,spurs,San Antonio,sean_elliott,1989.0,2000.0,N,Y,Y,1989,1,3,N
779,Glen,Rice,Glen Rice,"Rice, Glen",G. Rice,glen-rice,1967-05-28T00:00:00,Michigan,USA,Michigan/USA,6-8,228.0,15,,Forward-Guard,Inactive,N,0,,,,,glen_rice,1989.0,2003.0,N,Y,Y,1989,1,4,N
462,J.R.,Reid,J.R. Reid,"Reid, J.R.",J. Reid,jr-reid,1968-03-31T00:00:00,North Carolina,USA,North Carolina/USA,,,11,,Forward,Inactive,N,0,,,,,j.r._reid,1989.0,2000.0,N,Y,Y,1989,1,5,N
351,Stacey,King,Stacey King,"King, Stacey",S. King,stacey-king,1967-01-29T00:00:00,Oklahoma,USA,Oklahoma/USA,6-11,250.0,8,33.0,Forward-Center,Inactive,N,1610612741,Bulls,CHI,bulls,Chicago,stacey_king,1989.0,1996.0,N,Y,Y,1989,1,6,N
45,George,McCloud,George McCloud,"McCloud, George",G. McCloud,george-mccloud,1967-05-27T00:00:00,Florida State,USA,Florida State/USA,6-8,230.0,13,21.0,Forward,Inactive,N,1610612754,Pacers,IND,pacers,Indiana,george_mccloud,1989.0,2002.0,N,Y,Y,1989,1,7,N
1839,Randy,White,Randy White,"White, Randy",R. White,randy-white,1967-11-04T00:00:00,Louisiana Tech,USA,Louisiana Tech/USA,6-8,240.0,5,52.0,Forward,Inactive,N,1610612742,Mavericks,DAL,mavericks,Dallas,randy_white,1989.0,1993.0,N,Y,Y,1989,1,8,N
67,Tom,Hammonds,Tom Hammonds,"Hammonds, Tom",T. Hammonds,tom-hammonds,1967-03-27T00:00:00,Georgia Tech,USA,Georgia Tech/USA,,,12,,Forward,Inactive,N,0,,,,,tom_hammonds,1989.0,2000.0,N,Y,Y,1989,1,9,N
71,Pooh,Richardson,Pooh Richardson,"Richardson, Pooh",P. Richardson,pooh-richardson,1966-05-14T00:00:00,UCLA,USA,UCLA/USA,6-1,180.0,10,,Guard,Inactive,N,0,,,,,pooh_richardson,1989.0,1998.0,N,Y,Y,1989,1,10,N
934,Derrick,Coleman,Derrick Coleman,"Coleman, Derrick",D. Coleman,derrick-coleman,1967-06-21T00:00:00,Syracuse,USA,Syracuse/USA,6-10,270.0,15,,Forward,Inactive,N,0,,,,,derrick_coleman,1990.0,2004.0,N,Y,Y,1990,1,1,N
56,Gary,Payton,Gary Payton,"Payton, Gary",G. Payton,gary-payton,1968-07-23T00:00:00,Oregon State,USA,Oregon State/USA,6-4,190.0,18,20.0,Guard,Inactive,N,1610612760,SuperSonics,SEA,thunder,Seattle,gary_payton,1990.0,2006.0,N,Y,Y,1990,1,2,Y
51,Mahmoud,Abdul-Rauf,Mahmoud Abdul-Rauf,"Abdul-Rauf, Mahmoud",M. Abdul-Rauf,mahmoud-abdul-rauf,1969-03-09T00:00:00,Louisiana State,USA,Louisiana State/USA,6-1,162.0,9,1.0,Guard,Inactive,N,1610612743,Nuggets,DEN,nuggets,Denver,mahmoud_abdul-rauf,1990.0,2000.0,N,Y,Y,1990,1,3,N
192,Dennis,Scott,Dennis Scott,"Scott, Dennis",D. Scott,dennis-scott,1968-09-05T00:00:00,Georgia Tech,USA,Georgia Tech/USA,6-8,229.0,10,9.0,Forward,Inactive,N,1610612753,Magic,ORL,magic,Orlando,dennis_scott,1990.0,1999.0,N,Y,Y,1990,1,4,N
383,Kendall,Gill,Kendall Gill,"Gill, Kendall",K. Gill,kendall-gill,1968-05-25T00:00:00,Illinois,USA,Illinois/USA,6-5,216.0,15,,Guard,Inactive,N,0,,,,,kendall_gill,1990.0,2004.0,N,Y,Y,1990,1,5,N
280,Felton,Spencer,Felton Spencer,"Spencer, Felton",F. Spencer,felton-spencer,1968-01-05T00:00:00,Louisville,USA,Louisville/USA,7-0,290.0,12,50.0,Center,Inactive,N,1610612750,Timberwolves,MIN,timberwolves,Minnesota,felton_spencer,1990.0,2001.0,N,Y,Y,1990,1,6,N
1489,Lionel,Simmons,Lionel Simmons,"Simmons, Lionel",L. Simmons,lionel-simmons,1968-11-14T00:00:00,La Salle,USA,La Salle/USA,6-7,210.0,7,22.0,Forward,Inactive,N,1610612758,Kings,SAC,kings,Sacramento,lionel_simmons,1990.0,1996.0,N,Y,Y,1990,1,7,N
77260,Bo,Kimble,Bo Kimble,"Kimble, Bo",B. Kimble,bo-kimble,1966-04-09T00:00:00,Loyola-Marymount,USA,Loyola-Marymount/USA,6-4,190.0,3,16.0,Guard,Inactive,N,1610612746,Clippers,LAC,clippers,Los Angeles,HISTADD_bo_kimble,1990.0,1992.0,N,Y,Y,1990,1,8,N
416,Willie,Burton,Willie Burton,"Burton, Willie",W. Burton,willie-burton,1968-05-26T00:00:00,Minnesota,USA,Minnesota/USA,6-8,210.0,8,,Forward,Inactive,N,0,,,,,willie_burton,1990.0,1998.0,N,Y,Y,1990,1,9,N
716,Rumeal,Robinson,Rumeal Robinson,"Robinson, Rumeal",R. Robinson,rumeal-robinson,1966-11-13T00:00:00,Michigan,USA,Michigan/USA,6-2,195.0,6,20.0,Guard,Inactive,N,1610612737,Hawks,ATL,hawks,Atlanta,rumeal_robinson,1990.0,1996.0,N,Y,Y,1990,1,10,N
913,Larry,Johnson,Larry Johnson,"Johnson, Larry",L. Johnson,larry-johnson,1969-03-14T00:00:00,UNLV,USA,UNLV/USA,6-7,235.0,10,2.0,Forward,Inactive,N,1610612766,Hornets,CHH,hornets,Charlotte,larry_johnson,1991.0,2000.0,N,Y,Y,1991,1,1,N
72,Kenny,Anderson,Kenny Anderson,"Anderson, Kenny",K. Anderson,kenny-anderson,1970-10-09T00:00:00,Georgia Tech,USA,Georgia Tech/USA,6-1,168.0,14,,Guard,Inactive,N,0,,,,,kenny_anderson,1991.0,2004.0,N,Y,Y,1991,1,2,N
182,Billy,Owens,Billy Owens,"Owens, Billy",B. Owens,billy-owens,1969-05-01T00:00:00,Syracuse,USA,Syracuse/USA,6-9,225.0,11,2.0,Forward-Guard,Inactive,N,1610612744,Warriors,GSW,warriors,Golden State,billy_owens,1991.0,2002.0,N,Y,Y,1991,1,3,N
87,Dikembe,Mutombo,Dikembe Mutombo,"Mutombo, Dikembe",D. Mutombo,dikembe-mutombo,1966-06-25T00:00:00,Georgetown,Congo,Georgetown/Congo,7-2,260.0,19,55.0,Center,Inactive,N,1610612743,Nuggets,DEN,nuggets,Denver,dikembe_mutombo,1991.0,2008.0,N,Y,Y,1991,1,4,N
120,Steven,Smith,Steven Smith,"Smith, Steven",S. Smith,steven-smith,1969-03-31T00:00:00,Michigan State,USA,Michigan State/USA,6-8,221.0,15,8.0,Guard-Forward,Inactive,N,1610612737,Hawks,ATL,hawks,Atlanta,steven_smith,1991.0,2004.0,N,Y,Y,1991,1,5,N
475,Doug,Smith,Doug Smith,"Smith, Doug",D. Smith,doug-smith,1969-09-17T00:00:00,Missouri,USA,Missouri/USA,6-10,220.0,5,34.0,Forward,Inactive,N,1610612742,Mavericks,DAL,mavericks,Dallas,doug_smith,1991.0,1995.0,N,Y,Y,1991,1,6,N
26,Luc,Longley,Luc Longley,"Longley, Luc",L. Longley,luc-longley,1969-01-19T00:00:00,New Mexico,USA,New Mexico/USA,,,10,,Center,Inactive,N,0,,,,,luc_longley,1991.0,2000.0,N,Y,Y,1991,1,7,N
1855,Mark,Macon,Mark Macon,"Macon, Mark",M. Macon,mark-macon,1969-04-14T00:00:00,Temple,USA,Temple/USA,6-4,185.0,6,,Guard,Inactive,N,0,,,,,mark_macon,1991.0,1998.0,N,Y,Y,1991,1,8,N
278,Stacey,Augmon,Stacey Augmon,"Augmon, Stacey",S. Augmon,stacey-augmon,1968-08-01T00:00:00,UNLV,USA,UNLV/USA,6-8,213.0,16,2.0,Forward-Guard,Inactive,N,1610612737,Hawks,ATL,hawks,Atlanta,stacey_augmon,1991.0,2005.0,N,Y,Y,1991,1,9,N
183,Bison,Dele,Bison Dele,"Dele, Bison",B. Dele,bison-dele,1969-04-06T00:00:00,Arizona,USA,Arizona/USA,6-11,260.0,8,8.0,Center-Forward,Inactive,N,1610612743,Nuggets,DEN,nuggets,Denver,bison_dele,1991.0,1998.0,N,Y,Y,1991,1,10,N
406,Shaquille,O'Neal,Shaquille O'Neal,"O'Neal, Shaquille",S. O'Neal,shaquille-oneal,1972-03-06T00:00:00,Louisiana State,USA,Louisiana State/USA,7-1,325.0,19,34.0,Center,Inactive,N,1610612747,Lakers,LAL,lakers,Los Angeles,shaquille_o'neal,1992.0,2010.0,N,Y,Y,1992,1,1,Y
297,Alonzo,Mourning,Alonzo Mourning,"Mourning, Alonzo",A. Mourning,alonzo-mourning,1970-02-08T00:00:00,Georgetown,USA,Georgetown/USA,6-10,261.0,16,33.0,Center,Inactive,N,1610612748,Heat,MIA,heat,Miami,alonzo_mourning,1992.0,2007.0,N,Y,Y,1992,1,2,N
363,Christian,Laettner,Christian Laettner,"Laettner, Christian",C. Laettner,christian-laettner,1969-08-17T00:00:00,Duke,USA,Duke/USA,6-11,245.0,14,44.0,Forward-Center,Inactive,N,1610612750,Timberwolves,MIN,timberwolves,Minnesota,christian_laettner,1992.0,2004.0,N,Y,Y,1992,1,3,N
754,Jim,Jackson,Jim Jackson,"Jackson, Jim",J. Jackson,jim-jackson,1970-10-14T00:00:00,Ohio State,USA,Ohio State/USA,6-6,220.0,14,24.0,Forward-Guard,Inactive,N,1610612742,Mavericks,DAL,mavericks,Dallas,jim_jackson,1992.0,2005.0,N,Y,Y,1992,1,4,N
111,LaPhonso,Ellis,LaPhonso Ellis,"Ellis, LaPhonso",L. Ellis,laphonso-ellis,1970-05-05T00:00:00,Notre Dame,USA,Notre Dame/USA,6-8,240.0,12,3.0,Forward,Inactive,N,1610612743,Nuggets,DEN,nuggets,Denver,laphonso_ellis,1992.0,2002.0,N,Y,Y,1992,1,5,N
339,Tom,Gugliotta,Tom Gugliotta,"Gugliotta, Tom",T. Gugliotta,tom-gugliotta,1969-12-19T00:00:00,North Carolina State,USA,North Carolina State/USA,6-10,250.0,14,7.0,Forward,Inactive,N,1610612756,Suns,PHX,suns,Phoenix,tom_gugliotta,1992.0,2004.0,N,Y,Y,1992,1,6,N
1005,Walt,Williams,Walt Williams,"Williams, Walt",W. Williams,walt-williams,1970-04-16T00:00:00,Maryland,USA,Maryland/USA,6-8,230.0,12,,Forward-Guard,Inactive,N,0,,,,,walt_williams,1992.0,2002.0,N,Y,Y,1992,1,7,N
103,Todd,Day,Todd Day,"Day, Todd",T. Day,todd-day,1970-01-07T00:00:00,Arkansas,USA,Arkansas/USA,,,8,,,Inactive,N,0,,,,,todd_day,1992.0,2000.0,N,Y,Y,1992,1,8,N
221,Clar.,Weatherspoon,Clar. Weatherspoon,"Weatherspoon, Clar.",C. Weatherspoon,clar-weatherspoon,1970-09-08T00:00:00,Southern Mississippi,USA,Southern Mississippi/USA,6-7,270.0,14,30.0,Forward,Inactive,N,1610612755,76ers,PHI,sixers,Philadelphia,clar._weatherspoon,1992.0,2004.0,N,Y,Y,1992,1,9,N
228,Adam,Keefe,Adam Keefe,"Keefe, Adam",A. Keefe,adam-keefe,1970-02-22T00:00:00,Stanford,USA,Stanford/USA,6-9,230.0,9,32.0,Forward,Inactive,N,1610612762,Jazz,UTA,jazz,Utah,adam_keefe,1992.0,2000.0,N,Y,Y,1992,1,10,N
185,Chris,Webber,Chris Webber,"Webber, Chris",C. Webber,chris-webber,1973-03-01T00:00:00,Michigan,USA,Michigan/USA,6-10,245.0,15,4.0,Forward-Center,Inactive,N,0,,,,,chris_webber,1993.0,2007.0,N,Y,Y,1993,1,1,N
762,Shawn,Bradley,Shawn Bradley,"Bradley, Shawn",S. Bradley,shawn-bradley,1972-03-22T00:00:00,Brigham Young,USA,Brigham Young/USA,7-6,275.0,13,44.0,Center,Inactive,N,1610612742,Mavericks,DAL,mavericks,Dallas,shawn_bradley,1993.0,2004.0,N,Y,Y,1993,1,2,N
358,Anfernee,Hardaway,Anfernee Hardaway,"Hardaway, Anfernee",A. Hardaway,anfernee-hardaway,1971-07-18T00:00:00,Memphis State,USA,Memphis/USA,6-7,215.0,14,,Forward,Inactive,N,0,,,,,anfernee_hardaway,1993.0,2007.0,N,Y,Y,1993,1,3,N
469,Jamal,Mashburn,Jamal Mashburn,"Mashburn, Jamal",J. Mashburn,jamal-mashburn,1972-11-29T00:00:00,Kentucky,USA,Kentucky/USA,6-8,247.0,12,24.0,Forward,Inactive,N,1610612742,Mavericks,DAL,mavericks,Dallas,jamal_mashburn,1993.0,2003.0,N,Y,Y,1993,1,4,N
375,Isaiah,Rider,Isaiah Rider,"Rider, Isaiah",I. Rider,isaiah-rider,1971-03-12T00:00:00,UNLV,USA,UNLV/USA,,,9,,Guard,Inactive,N,0,,,,,isaiah_rider,1993.0,2001.0,N,Y,Y,1993,1,5,N
384,Calbert,Cheaney,Calbert Cheaney,"Cheaney, Calbert",C. Cheaney,calbert-cheaney,1971-07-17T00:00:00,Indiana,USA,Indiana/USA,6-7,210.0,13,40.0,Guard-Forward,Inactive,N,1610612764,Wizards,WAS,wizards,Washington,calbert_cheaney,1993.0,2005.0,N,Y,Y,1993,1,6,N
310,Bobby,Hurley,Bobby Hurley,"Hurley, Bobby",B. Hurley,bobby-hurley,1971-06-28T00:00:00,Duke,USA,Duke/USA,6-0,165.0,5,12.0,Guard,Inactive,N,1610612758,Kings,SAC,kings,Sacramento,bobby_hurley,1993.0,1997.0,N,Y,Y,1993,1,7,N
452,Vin,Baker,Vin Baker,"Baker, Vin",V. Baker,vin-baker,1971-11-23T00:00:00,Hartford,USA,Hartford/USA,6-11,240.0,13,34.0,Forward,Inactive,N,1610612760,SuperSonics,SEA,thunder,Seattle,vin_baker,1993.0,2005.0,N,Y,Y,1993,1,8,N
915,Rodney,Rogers,Rodney Rogers,"Rogers, Rodney",R. Rogers,rodney-rogers,1971-06-20T00:00:00,Wake Forest,USA,Wake Forest/USA,6-7,270.0,13,54.0,Forward,Inactive,N,1610612746,Clippers,LAC,clippers,Los Angeles,rodney_rogers,1993.0,2004.0,N,Y,Y,1993,1,9,N
283,Lindsey,Hunter,Lindsey Hunter,"Hunter, Lindsey",L. Hunter,lindsey-hunter,1970-12-03T00:00:00,Jackson State,USA,Jackson State/USA,6-2,195.0,17,,Guard,Inactive,N,0,,,,,lindsey_hunter,1993.0,2009.0,N,Y,Y,1993,1,10,N
299,Glenn,Robinson,Glenn Robinson,"Robinson, Glenn",G. Robinson,glenn-robinson,1973-01-10T00:00:00,Purdue,USA,Purdue/USA,6-7,240.0,12,3.0,Forward,Inactive,N,1610612749,Bucks,MIL,bucks,Milwaukee,glenn_robinson,1994.0,2004.0,N,Y,Y,1994,1,1,N
467,Jason,Kidd,Jason Kidd,"Kidd, Jason",J. Kidd,jason-kidd,1973-03-23T00:00:00,California,USA,California/USA,6-4,210.0,19,5.0,Guard,Inactive,N,1610612751,Nets,NJN,nets,New Jersey,jason_kidd,1994.0,2012.0,N,Y,Y,1994,1,2,Y
255,Grant,Hill,Grant Hill,"Hill, Grant",G. Hill,grant-hill,1972-10-05T00:00:00,Duke,USA,Duke/USA,6-8,225.0,18,33.0,Forward,Inactive,N,1610612765,Pistons,DET,pistons,Detroit,grant_hill,1994.0,2012.0,N,Y,Y,1994,1,3,N
923,Donyell,Marshall,Donyell Marshall,"Marshall, Donyell",D. Marshall,donyell-marshall,1973-05-18T00:00:00,Connecticut,USA,Connecticut/USA,6-9,245.0,16,8.0,Forward,Inactive,N,1610612744,Warriors,GSW,warriors,Golden State,donyell_marshall,1994.0,2008.0,N,Y,Y,1994,1,4,N
436,Juwan,Howard,Juwan Howard,"Howard, Juwan",J. Howard,juwan-howard,1973-02-07T00:00:00,Michigan,USA,Michigan/USA,6-9,250.0,20,5.0,Forward,Inactive,N,1610612764,Wizards,WAS,wizards,Washington,juwan_howard,1994.0,2012.0,N,Y,Y,1994,1,5,N
412,Sharone,Wright,Sharone Wright,"Wright, Sharone",S. Wright,sharone-wright,1973-01-30T00:00:00,Clemson,USA,Clemson/USA,6-11,260.0,4,,Center,Inactive,N,0,,,,,sharone_wright,1994.0,1997.0,N,Y,Y,1994,1,6,N
441,Lamond,Murray,Lamond Murray,"Murray, Lamond",L. Murray,lamond-murray,1973-04-20T00:00:00,California,USA,California/USA,6-7,235.0,11,31.0,Forward,Inactive,N,1610612746,Clippers,LAC,clippers,Los Angeles,lamond_murray,1994.0,2005.0,N,Y,Y,1994,1,7,N
258,Brian,Grant,Brian Grant,"Grant, Brian",B. Grant,brian-grant,1972-03-05T00:00:00,Xavier,USA,Xavier/USA,6-9,254.0,13,55.0,Forward-Center,Inactive,N,1610612748,Heat,MIA,heat,Miami,brian_grant,1994.0,2005.0,N,Y,Y,1994,1,8,N
376,Eric,Montross,Eric Montross,"Montross, Eric",E. Montross,eric-montross,1971-09-23T00:00:00,North Carolina,USA,North Carolina/USA,7-0,270.0,9,0.0,Center,Inactive,N,1610612765,Pistons,DET,pistons,Detroit,eric_montross,1994.0,2002.0,N,Y,Y,1994,1,9,N
224,Eddie,Jones,Eddie Jones,"Jones, Eddie",E. Jones,eddie-jones,1971-10-20T00:00:00,Temple,USA,Temple/USA,6-6,200.0,15,6.0,Guard-Forward,Inactive,N,1610612748,Heat,MIA,heat,Miami,eddie_jones,1994.0,2007.0,N,Y,Y,1994,1,10,N
693,Joe,Smith,Joe Smith,"Smith, Joe",J. Smith,joe-smith,1975-07-26T00:00:00,Maryland,USA,Maryland/USA,6-10,225.0,17,1.0,Forward-Center,Inactive,N,1610612750,Timberwolves,MIN,timberwolves,Minnesota,joe_smith,1995.0,2010.0,N,Y,Y,1995,1,1,N
686,Antonio,McDyess,Antonio McDyess,"McDyess, Antonio",A. McDyess,antonio-mcdyess,1974-09-07T00:00:00,Alabama,USA,Alabama/USA,6-9,245.0,16,34.0,Forward-Center,Inactive,N,1610612765,Pistons,DET,pistons,Detroit,antonio_mcdyess,1995.0,2010.0,N,Y,Y,1995,1,2,N
711,Jerry,Stackhouse,Jerry Stackhouse,"Stackhouse, Jerry",J. Stackhouse,jerry-stackhouse,1974-11-05T00:00:00,North Carolina,USA,North Carolina/USA,6-6,218.0,19,42.0,Forward,Inactive,N,1610612765,Pistons,DET,pistons,Detroit,jerry_stackhouse,1995.0,2012.0,N,Y,Y,1995,1,3,N
739,Rasheed,Wallace,Rasheed Wallace,"Wallace, Rasheed",R. Wallace,rasheed-wallace,1974-09-17T00:00:00,North Carolina,USA,North Carolina/USA,6-11,230.0,16,,Forward-Center,Inactive,N,0,,,,,rasheed_wallace,1995.0,2012.0,N,Y,Y,1995,1,4,N
708,Kevin,Garnett,Kevin Garnett,"Garnett, Kevin",K. Garnett,kevin-garnett,1976-05-19T00:00:00,Farragut Academy HS (IL),USA,Farragut Academy HS (IL)/USA,6-11,240.0,22,21.0,Forward,Inactive,N,1610612750,Timberwolves,MIN,timberwolves,Minnesota,kevin_garnett,1995.0,2015.0,N,Y,Y,1995,1,5,Y
735,Bryant,Reeves,Bryant Reeves,"Reeves, Bryant",B. Reeves,bryant-reeves,1973-06-08T00:00:00,Oklahoma State,USA,Oklahoma State/USA,7-0,290.0,6,50.0,Center,Inactive,N,1610612763,Grizzlies,VAN,grizzlies,Vancouver,bryant_reeves,1995.0,2000.0,N,Y,Y,1995,1,6,N
757,Damon,Stoudamire,Damon Stoudamire,"Stoudamire, Damon",D. Stoudamire,damon-stoudamire,1973-09-03T00:00:00,Arizona,USA,Arizona/USA,5-10,171.0,14,3.0,Guard,Inactive,N,1610612757,Trail Blazers,POR,blazers,Portland,damon_stoudamire,1995.0,2007.0,N,Y,Y,1995,1,7,N
704,Shawn,Respert,Shawn Respert,"Respert, Shawn",S. Respert,shawn-respert,1972-02-06T00:00:00,Michigan State,USA,Michigan State/USA,6-1,195.0,4,,Guard,Inactive,N,0,,,,,shawn_respert,1995.0,1998.0,N,Y,Y,1995,1,8,N
709,Ed,O'Bannon,Ed O'Bannon,"O'Bannon, Ed",E. O'Bannon,ed-obannon,1972-08-14T00:00:00,UCLA,USA,UCLA/USA,6-8,222.0,1,,Forward,Inactive,N,0,,,,,ed_o'bannon,1995.0,1996.0,N,Y,Y,1995,1,9,N
703,Kurt,Thomas,Kurt Thomas,"Thomas, Kurt",K. Thomas,kurt-thomas,1972-10-04T00:00:00,TCU,USA,TCU/USA,6-9,240.0,18,,Forward,Inactive,N,0,,,,,kurt_thomas,1995.0,2012.0,N,Y,Y,1995,1,10,N
947,Allen,Iverson,Allen Iverson,"Iverson, Allen",A. Iverson,allen-iverson,1975-06-07T00:00:00,Georgetown,USA,Georgetown/USA,6-0,165.0,15,3.0,Guard,Inactive,N,1610612755,76ers,PHI,sixers,Philadelphia,allen_iverson,1996.0,2009.0,N,Y,Y,1996,1,1,Y
948,Marcus,Camby,Marcus Camby,"Camby, Marcus",M. Camby,marcus-camby,1974-03-22T00:00:00,Massachusetts,USA,Massachusetts/USA,6-11,240.0,18,23.0,Center-Forward,Inactive,N,1610612743,Nuggets,DEN,nuggets,Denver,marcus_camby,1996.0,2012.0,N,Y,Y,1996,1,2,N
949,Shareef,Abdur-Rahim,Shareef Abdur-Rahim,"Abdur-Rahim, Shareef",S. Abdur-Rahim,shareef-abdur-rahim,1976-12-11T00:00:00,California,USA,California/USA,6-9,245.0,13,3.0,Forward,Inactive,N,1610612763,Grizzlies,VAN,grizzlies,Vancouver,shareef_abdur-rahim,1996.0,2007.0,N,Y,Y,1996,1,3,N
950,Stephon,Marbury,Stephon Marbury,"Marbury, Stephon",S. Marbury,stephon-marbury,1977-02-20T00:00:00,Georgia Tech,USA,Georgia Tech/USA,6-2,205.0,14,8.0,Guard,Inactive,N,1610612752,Knicks,NYK,knicks,New York,stephon_marbury,1996.0,2008.0,N,Y,Y,1996,1,4,N
951,Ray,Allen,Ray Allen,"Allen, Ray",R. Allen,ray-allen,1975-07-20T00:00:00,Connecticut,USA,Connecticut/USA,6-5,205.0,18,34.0,Guard,Inactive,N,1610612749,Bucks,MIL,bucks,Milwaukee,ray_allen,1996.0,2013.0,N,Y,Y,1996,1,5,Y
952,Antoine,Walker,Antoine Walker,"Walker, Antoine",A. Walker,antoine-walker,1976-08-12T00:00:00,Kentucky,USA,Kentucky/USA,6-9,245.0,13,24.0,Forward,Inactive,N,1610612738,Celtics,BOS,celtics,Boston,antoine_walker,1996.0,2007.0,Y,Y,Y,1996,1,6,N
953,Lorenzen,Wright,Lorenzen Wright,"Wright, Lorenzen",L. Wright,lorenzen-wright,1975-11-04T00:00:00,Memphis,USA,Memphis/USA,6-11,255.0,14,55.0,Forward-Center,Inactive,N,1610612763,Grizzlies,MEM,grizzlies,Memphis,lorenzen_wright,1996.0,2008.0,N,Y,Y,1996,1,7,N
954,Kerry,Kittles,Kerry Kittles,"Kittles, Kerry",K. Kittles,kerry-kittles,1974-06-12T00:00:00,Villanova,USA,Villanova/USA,6-5,185.0,9,,Guard,Inactive,N,0,,,,,kerry_kittles,1996.0,2004.0,N,Y,Y,1996,1,8,N
955,Samaki,Walker,Samaki Walker,"Walker, Samaki",S. Walker,samaki-walker,1976-02-25T00:00:00,Louisville,USA,Louisville/USA,6-9,260.0,11,,Forward,Inactive,N,0,,,,,samaki_walker,1996.0,2005.0,N,Y,Y,1996,1,9,N
956,Erick,Dampier,Erick Dampier,"Dampier, Erick",E. Dampier,erick-dampier,1975-07-14T00:00:00,Mississippi State,USA,Mississippi State/USA,6-11,265.0,17,25.0,Center,Inactive,N,1610612744,Warriors,GSW,warriors,Golden State,erick_dampier,1996.0,2011.0,N,Y,Y,1996,1,10,N
1495,Tim,Duncan,Tim Duncan,"Duncan, Tim",T. Duncan,tim-duncan,1976-04-25T00:00:00,Wake Forest,US Virgin Islands,Wake Forest/US Virgin Islands,6-11,250.0,20,21.0,Center-Forward,Inactive,N,1610612759,Spurs,SAS,spurs,San Antonio,tim_duncan,1997.0,2015.0,N,Y,Y,1997,1,1,Y
1496,Keith,Van Horn,Keith Van Horn,"Van Horn, Keith",K. Van Horn,keith-van-horn,1975-10-23T00:00:00,Utah,USA,Utah/USA,6-10,245.0,10,2.0,Forward,Inactive,N,1610612751,Nets,NJN,nets,New Jersey,keith_van horn,1997.0,2005.0,N,Y,Y,1997,1,2,N
1497,Chauncey,Billups,Chauncey Billups,"Billups, Chauncey",C. Billups,chauncey-billups,1976-09-25T00:00:00,Colorado,USA,Colorado/USA,6-3,210.0,17,1.0,Guard,Inactive,N,1610612765,Pistons,DET,pistons,Detroit,chauncey_billups,1997.0,2013.0,N,Y,Y,1997,1,3,N
1498,Antonio,Daniels,Antonio Daniels,"Daniels, Antonio",A. Daniels,antonio-daniels,1975-03-19T00:00:00,Bowling Green,USA,Bowling Green/USA,6-4,205.0,14,22.0,Guard,Inactive,N,1610612759,Spurs,SAS,spurs,San Antonio,antonio_daniels,1997.0,2010.0,Y,Y,Y,1997,1,4,N
1499,Tony,Battie,Tony Battie,"Battie, Tony",T. Battie,tony-battie,1976-02-11T00:00:00,Texas Tech,USA,Texas Tech/USA,6-11,240.0,15,4.0,Center,Inactive,N,1610612738,Celtics,BOS,celtics,Boston,tony_battie,1997.0,2011.0,N,Y,Y,1997,1,5,N
1500,Ron,Mercer,Ron Mercer,"Mercer, Ron",R. Mercer,ron-mercer,1976-05-18T00:00:00,Kentucky,USA,Kentucky/USA,6-7,215.0,9,,Guard-Forward,Inactive,N,0,,,,,ron_mercer,1997.0,2004.0,N,Y,Y,1997,1,6,N
1501,Tim,Thomas,Tim Thomas,"Thomas, Tim",T. Thomas,tim-thomas,1977-02-26T00:00:00,Villanova,USA,Villanova/USA,6-10,240.0,14,7.0,Forward,Inactive,N,1610612749,Bucks,MIL,bucks,Milwaukee,tim_thomas,1997.0,2009.0,N,Y,Y,1997,1,7,N
1502,Adonal,Foyle,Adonal Foyle,"Foyle, Adonal",A. Foyle,adonal-foyle,1975-03-09T00:00:00,Colgate,St. Vincent & Grenadines,Colgate/St. Vincent & Grenadines,6-10,270.0,13,31.0,Center,Inactive,N,1610612744,Warriors,GSW,warriors,Golden State,adonal_foyle,1997.0,2009.0,N,Y,Y,1997,1,8,N
1503,Tracy,McGrady,Tracy McGrady,"McGrady, Tracy",T. McGrady,tracy-mcgrady,1979-05-24T00:00:00,Mount Zion Christian Academy (NC),USA,Mount Zion Christian Academy (NC)/USA,6-8,225.0,17,1.0,Guard-Forward,Inactive,N,1610612745,Rockets,HOU,rockets,Houston,tracy_mcgrady,1997.0,2012.0,N,Y,Y,1997,1,9,N
1504,Danny,Fortson,Danny Fortson,"Fortson, Danny",D. Fortson,danny-fortson,1976-03-27T00:00:00,Cincinnati,USA,Cincinnati/USA,6-8,260.0,10,21.0,Center-Forward,Inactive,N,1610612743,Nuggets,DEN,nuggets,Denver,danny_fortson,1997.0,2006.0,N,Y,Y,1997,1,10,N
1709,Michael,Olowokandi,Michael Olowokandi,"Olowokandi, Michael",M. Olowokandi,michael-olowokandi,1975-04-03T00:00:00,Pacific,Nigeria,Pacific/Nigeria,7-0,270.0,10,41.0,Center,Inactive,N,1610612746,Clippers,LAC,clippers,Los Angeles,michael_olowokandi,1998.0,2006.0,N,Y,Y,1998,1,1,N
1710,Mike,Bibby,Mike Bibby,"Bibby, Mike",M. Bibby,mike-bibby,1978-05-13T00:00:00,Arizona,USA,Arizona/USA,6-2,195.0,15,20.0,Guard,Inactive,N,1610612758,Kings,SAC,kings,Sacramento,mike_bibby,1998.0,2011.0,N,Y,Y,1998,1,2,N
1711,Raef,LaFrentz,Raef LaFrentz,"LaFrentz, Raef",R. LaFrentz,raef-lafrentz,1976-05-29T00:00:00,Kansas,USA,Kansas/USA,6-11,240.0,11,9.0,Center-Forward,Inactive,N,1610612743,Nuggets,DEN,nuggets,Denver,raef_lafrentz,1998.0,2008.0,N,Y,Y,1998,1,3,N
1712,Antawn,Jamison,Antawn Jamison,"Jamison, Antawn",A. Jamison,antawn-jamison,1976-06-12T00:00:00,North Carolina,USA,North Carolina/USA,6-9,235.0,16,,Forward,Inactive,N,0,,,,,antawn_jamison,1998.0,2013.0,N,Y,Y,1998,1,4,N
1713,Vince,Carter,Vince Carter,"Carter, Vince",V. Carter,vince-carter,1977-01-26T00:00:00,North Carolina,USA,North Carolina/USA,6-6,220.0,23,15.0,Guard-Forward,Inactive,N,1610612761,Raptors,TOR,raptors,Toronto,vince_carter,1998.0,2019.0,N,Y,Y,1998,1,5,N
1714,Robert,Traylor,Robert Traylor,"Traylor, Robert",R. Traylor,robert-traylor,1977-02-01T00:00:00,Michigan,USA,Michigan/USA,6-8,284.0,8,32.0,Forward-Center,Inactive,N,1610612739,Cavaliers,CLE,cavaliers,Cleveland,robert_traylor,1998.0,2004.0,N,Y,Y,1998,1,6,N
1715,Jason,Williams,Jason Williams,"Williams, Jason",J. Williams,jason-williams,1975-11-18T00:00:00,Florida,USA,Florida/USA,6-1,180.0,12,,Guard,Inactive,N,0,,,,,jason_williams,1998.0,2010.0,N,Y,Y,1998,1,7,N
1716,Larry,Hughes,Larry Hughes,"Hughes, Larry",L. Hughes,larry-hughes,1979-01-23T00:00:00,St. Louis,USA,St. Louis/USA,6-5,185.0,13,,Guard,Inactive,N,0,,,,,larry_hughes,1998.0,2011.0,N,Y,Y,1998,1,8,N
1717,Dirk,Nowitzki,Dirk Nowitzki,"Nowitzki, Dirk",D. Nowitzki,dirk-nowitzki,1978-06-19T00:00:00,DJK Wurzburg,Germany,DJK Wurzburg/Germany,7-0,245.0,22,41.0,Forward,Inactive,N,1610612742,Mavericks,DAL,mavericks,Dallas,dirk_nowitzki,1998.0,2018.0,N,Y,Y,1998,1,9,Y
1718,Paul,Pierce,Paul Pierce,"Pierce, Paul",P. Pierce,paul-pierce,1977-10-13T00:00:00,Kansas,USA,Kansas/USA,6-7,235.0,20,34.0,Forward,Inactive,N,1610612738,Celtics,BOS,celtics,Boston,paul_pierce,1998.0,2016.0,N,Y,Y,1998,1,10,Y
1882,Elton,Brand,Elton Brand,"Brand, Elton",E. Brand,elton-brand,1979-03-11T00:00:00,Duke,USA,Duke/USA,6-9,254.0,18,42.0,Forward,Inactive,N,1610612746,Clippers,LAC,clippers,Los Angeles,elton_brand,1999.0,2015.0,N,Y,Y,1999,1,1,N
1883,Steve,Francis,Steve Francis,"Francis, Steve",S. Francis,steve-francis,1977-02-21T00:00:00,Maryland,USA,Maryland/USA,6-3,210.0,10,3.0,Guard,Inactive,N,1610612745,Rockets,HOU,rockets,Houston,steve_francis,1999.0,2007.0,N,Y,Y,1999,1,2,N
1884,Baron,Davis,Baron Davis,"Davis, Baron",B. Davis,baron-davis,1979-04-13T00:00:00,UCLA,USA,UCLA/USA,6-3,212.0,14,85.0,Guard,Inactive,N,1610612766,Hornets,CHH,hornets,Charlotte,baron_davis,1999.0,2011.0,Y,Y,Y,1999,1,3,N
1885,Lamar,Odom,Lamar Odom,"Odom, Lamar",L. Odom,lamar-odom,1979-11-06T00:00:00,Rhode Island,USA,Rhode Island/USA,6-10,230.0,15,,Forward,Inactive,N,1610612747,Lakers,LAL,lakers,Los Angeles,lamar_odom,1999.0,2013.0,N,Y,Y,1999,1,4,N
1886,Jonathan,Bender,Jonathan Bender,"Bender, Jonathan",J. Bender,jonathan-bender,1981-01-30T00:00:00,Picayune HS (MS),USA,Picayune HS (MS)/USA,7-0,230.0,9,9.0,Forward,Inactive,N,1610612754,Pacers,IND,pacers,Indiana,jonathan_bender,1999.0,2009.0,N,Y,Y,1999,1,5,N
1887,Wally,Szczerbiak,Wally Szczerbiak,"Szczerbiak, Wally",W. Szczerbiak,wally-szczerbiak,1977-03-05T00:00:00,Miami (Ohio),USA,Miami (Ohio)/USA,6-7,240.0,11,10.0,Guard-Forward,Inactive,N,1610612750,Timberwolves,MIN,timberwolves,Minnesota,wally_szczerbiak,1999.0,2008.0,N,Y,Y,1999,1,6,N
1888,Richard,Hamilton,Richard Hamilton,"Hamilton, Richard",R. Hamilton,richard-hamilton,1978-02-14T00:00:00,Connecticut,USA,Connecticut/USA,6-7,193.0,15,32.0,Guard,Inactive,N,1610612765,Pistons,DET,pistons,Detroit,richard_hamilton,1999.0,2012.0,N,Y,Y,1999,1,7,N
1889,Andre,Miller,Andre Miller,"Miller, Andre",A. Miller,andre-miller,1976-03-19T00:00:00,Utah,USA,Utah/USA,6-3,200.0,18,24.0,Guard,Inactive,N,1610612743,Nuggets,DEN,nuggets,Denver,andre_miller,1999.0,2015.0,N,Y,Y,1999,1,8,N
1890,Shawn,Marion,Shawn Marion,"Marion, Shawn",S. Marion,shawn-marion,1978-05-07T00:00:00,UNLV,USA,UNLV/USA,6-7,228.0,16,31.0,Guard-Forward,Inactive,N,1610612756,Suns,PHX,suns,Phoenix,shawn_marion,1999.0,2014.0,N,Y,Y,1999,1,9,N
1891,Jason,Terry,Jason Terry,"Terry, Jason",J. Terry,jason-terry,1977-09-15T00:00:00,Arizona,USA,Arizona/USA,6-2,185.0,19,3.0,Guard,Inactive,N,1610612742,Mavericks,DAL,mavericks,Dallas,jason_terry,1999.0,2017.0,N,Y,Y,1999,1,10,N
2030,Kenyon,Martin,Kenyon Martin,"Martin, Kenyon",K. Martin,kenyon-martin,1977-12-30T00:00:00,Cincinnati,USA,Cincinnati/USA,6-9,225.0,15,,Forward,Inactive,N,0,,,,,kenyon_martin,2000.0,2014.0,N,Y,Y,2000,1,1,N
2031,Stromile,Swift,Stromile Swift,"Swift, Stromile",S. Swift,stromile-swift,1979-11-21T00:00:00,Louisiana State,USA,Louisiana State/USA,6-10,220.0,10,4.0,Forward-Center,Inactive,N,1610612763,Grizzlies,MEM,grizzlies,Memphis,stromile_swift,2000.0,2008.0,N,Y,Y,2000,1,2,N
2032,Darius,Miles,Darius Miles,"Miles, Darius",D. Miles,darius-miles,1981-10-09T00:00:00,No College,USA,East St. Louis HS (IL)/USA,6-9,235.0,8,3.0,Forward,Inactive,N,1610612746,Clippers,LAC,clippers,Los Angeles,darius_miles,2000.0,2008.0,N,Y,Y,2000,1,3,N
2033,Marcus,Fizer,Marcus Fizer,"Fizer, Marcus",M. Fizer,marcus-fizer,1978-08-10T00:00:00,Iowa State,USA,Iowa State/USA,,,6,,,Inactive,N,0,,,,,marcus_fizer,2000.0,2007.0,Y,Y,Y,2000,1,4,N
2034,Mike,Miller,Mike Miller,"Miller, Mike",M. Miller,mike-miller,1980-02-19T00:00:00,Florida,USA,Florida/USA,6-8,218.0,18,3.0,Guard-Forward,Inactive,N,1610612763,Grizzlies,MEM,grizzlies,Memphis,mike_miller,2000.0,2016.0,N,Y,Y,2000,1,5,N
2035,DerMarr,Johnson,DerMarr Johnson,"Johnson, DerMarr",D. Johnson,dermarr-johnson,1980-05-05T00:00:00,Cincinnati,USA,Cincinnati/USA,6-9,210.0,8,1.0,Forward-Guard,Inactive,N,1610612743,Nuggets,DEN,nuggets,Denver,dermarr_johnson,2000.0,2007.0,Y,Y,Y,2000,1,6,N
2036,Chris,Mihm,Chris Mihm,"Mihm, Chris",C. Mihm,chris-mihm,1979-07-16T00:00:00,Texas,USA,Texas/USA,7-0,265.0,9,4.0,Center,Inactive,N,1610612739,Cavaliers,CLE,cavaliers,Cleveland,chris_mihm,2000.0,2008.0,N,Y,Y,2000,1,7,N
2037,Jamal,Crawford,Jamal Crawford,"Crawford, Jamal",J. Crawford,jamal-crawford,1980-03-20T00:00:00,Michigan,USA,Michigan/USA,6-5,200.0,21,1.0,Guard,Inactive,N,1610612746,Clippers,LAC,clippers,LA,jamal_crawford,2000.0,2019.0,N,Y,Y,2000,1,8,N
2038,Joel,Przybilla,Joel Przybilla,"Przybilla, Joel",J. Przybilla,joel-przybilla,1979-10-10T00:00:00,Minnesota,USA,Minnesota/USA,7-1,245.0,14,10.0,Center,Inactive,N,1610612757,Trail Blazers,POR,blazers,Portland,joel_przybilla,2000.0,2012.0,N,Y,Y,2000,1,9,N
2039,Keyon,Dooling,Keyon Dooling,"Dooling, Keyon",K. Dooling,keyon-dooling,1980-05-08T00:00:00,Missouri,USA,Missouri/USA,6-3,195.0,14,55.0,Guard,Inactive,N,1610612746,Clippers,LAC,clippers,Los Angeles,keyon_dooling,2000.0,2012.0,Y,Y,Y,2000,1,10,N
2198,Kwame,Brown,Kwame Brown,"Brown, Kwame",K. Brown,kwame-brown,1982-03-10T00:00:00,Glynn Academy HS (GA),USA,Glynn Academy HS (GA)/USA,6-11,290.0,13,54.0,Center,Inactive,N,1610612764,Wizards,WAS,wizards,Washington,kwame_brown,2001.0,2012.0,N,Y,Y,2001,1,1,N
2199,Tyson,Chandler,Tyson Chandler,"Chandler, Tyson",T. Chandler,tyson-chandler,1982-10-02T00:00:00,Dominguez HS (CA),USA,Dominguez HS (CA)/USA,7-0,235.0,20,6.0,Center,Inactive,N,1610612752,Knicks,NYK,knicks,New York,tyson_chandler,2001.0,2019.0,N,Y,Y,2001,1,2,N
2200,Pau,Gasol,Pau Gasol,"Gasol, Pau",P. Gasol,pau-gasol,1980-07-06T00:00:00,FC Barcelona,Spain,FC Barcelona/Germany,7-0,250.0,19,16.0,Center-Forward,Inactive,N,1610612747,Lakers,LAL,lakers,Los Angeles,pau_gasol,2001.0,2018.0,N,Y,Y,2001,1,3,N
2201,Eddy,Curry,Eddy Curry,"Curry, Eddy",E. Curry,eddy-curry,1982-12-05T00:00:00,Thornwood HS (IL),USA,Thornwood HS (IL)/USA,7-0,295.0,11,,Center,Inactive,N,0,,,,,eddy_curry,2001.0,2012.0,N,Y,Y,2001,1,4,N
2202,Jason,Richardson,Jason Richardson,"Richardson, Jason",J. Richardson,jason-richardson,1981-01-20T00:00:00,Michigan State,USA,Michigan State/USA,6-6,225.0,14,23.0,Guard,Inactive,N,1610612744,Warriors,GSW,warriors,Golden State,jason_richardson,2001.0,2014.0,N,Y,Y,2001,1,5,N
2203,Shane,Battier,Shane Battier,"Battier, Shane",S. Battier,shane-battier,1978-09-09T00:00:00,Duke,USA,Duke/USA,6-8,220.0,13,31.0,Forward,Inactive,N,1610612763,Grizzlies,MEM,grizzlies,Memphis,shane_battier,2001.0,2013.0,N,Y,Y,2001,1,6,N
2204,Eddie,Griffin,Eddie Griffin,"Griffin, Eddie",E. Griffin,eddie-griffin,1982-05-30T00:00:00,Seton Hall,USA,Seton Hall/USA,6-9,222.0,5,,Forward,Inactive,N,0,,,,,eddie_griffin,2001.0,2006.0,N,Y,Y,2001,1,7,N
2205,DeSagana,Diop,DeSagana Diop,"Diop, DeSagana",D. Diop,desagana-diop,1982-01-30T00:00:00,Oak Hill Academy (VA),Senegal,Oak Hill Academy (VA)/Senegal,7-0,280.0,13,2.0,Center,Inactive,N,1610612742,Mavericks,DAL,mavericks,Dallas,desagana_diop,2001.0,2012.0,N,Y,Y,2001,1,8,N
2206,Rodney,White,Rodney White,"White, Rodney",R. White,rodney-white,1980-06-28T00:00:00,North Carolina-Charlotte,USA,North Carolina-Charlotte/USA,6-9,230.0,5,3.0,Forward,Inactive,N,1610612743,Nuggets,DEN,nuggets,Denver,rodney_white,2001.0,2004.0,N,Y,Y,2001,1,9,N
2207,Joe,Johnson,Joe Johnson,"Johnson, Joe",J. Johnson,joe-johnson,1981-06-29T00:00:00,Arkansas,USA,Arkansas/USA,6-7,240.0,18,,Guard-Forward,Inactive,N,0,,,,,joe_johnson,2001.0,2021.0,N,Y,Y,2001,1,10,N
2397,Yao,Ming,Yao Ming,Yao Ming,Yao,yao-ming,1980-09-12T00:00:00,Shanghai,China,Shanghai/China,7-6,310.0,9,11.0,Center,Inactive,N,1610612745,Rockets,HOU,rockets,Houston,ming_yao,2002.0,2010.0,N,Y,Y,2002,1,1,N
2398,Jay,Williams,Jay Williams,"Williams, Jay",J. Williams,jay-williams,1981-09-10T00:00:00,Duke,USA,Duke/USA,6-2,195.0,1,22.0,Guard,Inactive,N,1610612741,Bulls,CHI,bulls,Chicago,jay_williams,2002.0,2002.0,Y,Y,Y,2002,1,2,N
2399,Mike,Dunleavy,Mike Dunleavy,"Dunleavy, Mike",M. Dunleavy,mike-dunleavy,1980-09-15T00:00:00,Duke,USA,Duke/USA,6-9,230.0,16,34.0,Guard-Forward,Inactive,N,1610612744,Warriors,GSW,warriors,Golden State,mike_dunleavy,2002.0,2016.0,N,Y,Y,2002,1,3,N
2400,Drew,Gooden,Drew Gooden,"Gooden, Drew",D. Gooden,drew-gooden,1981-09-24T00:00:00,Kansas,USA,Kansas/USA,6-10,250.0,15,90.0,Forward,Inactive,N,1610612739,Cavaliers,CLE,cavaliers,Cleveland,drew_gooden,2002.0,2015.0,N,Y,Y,2002,1,4,N
2401,Nikoloz,Tskitishvili,Nikoloz Tskitishvili,"Tskitishvili, Nikoloz",N. Tskitishvili,nikoloz-tskitishvili,1983-04-14T00:00:00,Benetton Treviso,Georgia,Benetton Treviso/Georgia,7-0,225.0,5,15.0,Forward,Inactive,N,1610612743,Nuggets,DEN,nuggets,Denver,nikoloz_tskitishvili,2002.0,2005.0,N,Y,Y,2002,1,5,N
2402,Dajuan,Wagner,Dajuan Wagner,"Wagner, Dajuan",D. Wagner,dajuan-wagner,1983-02-04T00:00:00,Memphis,USA,Memphis/USA,6-3,200.0,4,,Guard,Inactive,N,0,,,,,dajuan_wagner,2002.0,2006.0,N,Y,Y,2002,1,6,N
2403,,Nene,Nene,Nene,Nene,-nene,1982-09-13T00:00:00,Vasco de Gama,Brazil,Vasco de Gama/Brazil,6-11,250.0,18,42.0,Center-Forward,Inactive,N,1610612743,Nuggets,DEN,nuggets,Denver,nene_hilario,2002.0,2018.0,N,Y,Y,2002,1,7,N
2404,Chris,Wilcox,Chris Wilcox,"Wilcox, Chris",C. Wilcox,chris-wilcox,1982-09-03T00:00:00,Maryland,USA,Maryland/USA,6-10,235.0,12,44.0,Forward-Center,Inactive,N,1610612746,Clippers,LAC,clippers,Los Angeles,chris_wilcox,2002.0,2012.0,N,Y,Y,2002,1,8,N
2405,Amar'e,Stoudemire,Amar'e Stoudemire,"Stoudemire, Amar'e",A. Stoudemire,amare-stoudemire,1982-11-16T00:00:00,Cypress Creek HS (FL),USA,Cypress Creek HS (FL)/USA,6-10,245.0,15,5.0,Forward-Center,Inactive,N,1610612756,Suns,PHX,suns,Phoenix,amar'e_stoudemire,2002.0,2015.0,N,Y,Y,2002,1,9,N
2406,Caron,Butler,Caron Butler,"Butler, Caron",C. Butler,caron-butler,1980-03-13T00:00:00,Connecticut,USA,Connecticut/USA,6-7,228.0,15,31.0,Forward,Inactive,N,1610612764,Wizards,WAS,wizards,Washington,caron_butler,2002.0,2015.0,N,Y,Y,2002,1,10,N
2544,LeBron,James,LeBron James,"James, LeBron",L. James,lebron-james,1984-12-30T00:00:00,St. Vincent-St. Mary HS (OH),USA,St. Vincent-St. Mary HS (OH)/USA,6-9,250.0,21,23.0,Forward,Active,Y,1610612747,Lakers,LAL,lakers,Los Angeles,lebron_james,2003.0,2024.0,N,Y,Y,2003,1,1,Y
2545,Darko,Milicic,Darko Milicic,"Milicic, Darko",D. Milicic,darko-milicic,1985-06-20T00:00:00,Hemoform,Serbia,Hemoform/Serbia,7-0,275.0,10,,Center,Inactive,N,0,,,,,darko_milicic,2003.0,2012.0,N,Y,Y,2003,1,2,N
2546,Carmelo,Anthony,Carmelo Anthony,"Anthony, Carmelo",C. Anthony,carmelo-anthony,1984-05-29T00:00:00,Syracuse,USA,Syracuse/USA,6-7,238.0,20,7.0,Forward,Inactive,N,1610612747,Lakers,LAL,lakers,Los Angeles,carmelo_anthony,2003.0,2021.0,N,Y,Y,2003,1,3,Y
2547,Chris,Bosh,Chris Bosh,"Bosh, Chris",C. Bosh,chris-bosh,1984-03-24T00:00:00,Georgia Tech,USA,Georgia Tech/USA,6-11,235.0,14,1.0,Forward,Inactive,N,1610612748,Heat,MIA,heat,Miami,chris_bosh,2003.0,2016.0,N,Y,Y,2003,1,4,N
2548,Dwyane,Wade,Dwyane Wade,"Wade, Dwyane",D. Wade,dwyane-wade,1982-01-17T00:00:00,Marquette,USA,Marquette/USA,6-4,220.0,17,3.0,Guard,Inactive,N,1610612748,Heat,MIA,heat,Miami,dwyane_wade,2003.0,2018.0,N,Y,Y,2003,1,5,Y
2549,Chris,Kaman,Chris Kaman,"Kaman, Chris",C. Kaman,chris-kaman,1982-04-28T00:00:00,Central Michigan,USA,Central Michigan/USA,7-0,265.0,14,35.0,Center,Inactive,N,1610612746,Clippers,LAC,clippers,Los Angeles,chris_kaman,2003.0,2015.0,N,Y,Y,2003,1,6,N
2550,Kirk,Hinrich,Kirk Hinrich,"Hinrich, Kirk",K. Hinrich,kirk-hinrich,1981-01-02T00:00:00,Kansas,USA,Kansas/USA,6-4,190.0,14,12.0,Guard,Inactive,N,1610612741,Bulls,CHI,bulls,Chicago,kirk_hinrich,2003.0,2015.0,N,Y,Y,2003,1,7,N
2551,T.J.,Ford,T.J. Ford,"Ford, T.J.",T. Ford,tj-ford,1983-03-24T00:00:00,Texas,USA,Texas/USA,6-0,165.0,8,,Guard,Inactive,N,0,,,,,t.j._ford,2003.0,2011.0,N,Y,Y,2003,1,8,N
2552,Michael,Sweetney,Michael Sweetney,"Sweetney, Michael",M. Sweetney,michael-sweetney,1982-10-25T00:00:00,Georgetown,USA,Georgetown/USA,6-8,270.0,5,50.0,Forward,Inactive,N,1610612752,Knicks,NYK,knicks,New York,michael_sweetney,2003.0,2006.0,Y,Y,Y,2003,1,9,N
2553,Jarvis,Hayes,Jarvis Hayes,"Hayes, Jarvis",J. Hayes,jarvis-hayes,1981-08-09T00:00:00,Georgia,USA,Georgia/USA,6-8,228.0,8,22.0,Forward,Inactive,N,1610612764,Wizards,WAS,wizards,Washington,jarvis_hayes,2003.0,2009.0,N,Y,Y,2003,1,10,N
2730,Dwight,Howard,Dwight Howard,"Howard, Dwight",D. Howard,dwight-howard,1985-12-08T00:00:00,SW Atlanta Christian Academy (GA),USA,SW Atlanta Christian Academy (GA)/USA,6-10,265.0,19,39.0,Center-Forward,Inactive,N,1610612747,Lakers,LAL,lakers,Los Angeles,dwight_howard,2004.0,2021.0,N,Y,Y,2004,1,1,N
2731,Emeka,Okafor,Emeka Okafor,"Okafor, Emeka",E. Okafor,emeka-okafor,1982-09-28T00:00:00,Connecticut,USA,Connecticut/USA,6-10,255.0,11,50.0,Center,Inactive,N,1610612766,Bobcats,CHA,hornets,Charlotte,emeka_okafor,2004.0,2017.0,Y,Y,Y,2004,1,2,N
2732,Ben,Gordon,Ben Gordon,"Gordon, Ben",B. Gordon,ben-gordon,1983-04-04T00:00:00,Connecticut,USA,Connecticut/USA,6-3,205.0,12,7.0,Guard,Inactive,N,1610612741,Bulls,CHI,bulls,Chicago,ben_gordon,2004.0,2014.0,Y,Y,Y,2004,1,3,N
2733,Shaun,Livingston,Shaun Livingston,"Livingston, Shaun",S. Livingston,shaun-livingston,1985-09-11T00:00:00,Peoria Central HS (IL),USA,Peoria Central HS (IL)/USA,6-7,192.0,16,34.0,Guard,Inactive,N,1610612744,Warriors,GSW,warriors,Golden State,shaun_livingston,2004.0,2018.0,Y,Y,Y,2004,1,4,N
2734,Devin,Harris,Devin Harris,"Harris, Devin",D. Harris,devin-harris,1983-02-27T00:00:00,Wisconsin,USA,Wisconsin/USA,6-3,185.0,16,34.0,Guard,Inactive,N,1610612742,Mavericks,DAL,mavericks,Dallas,devin_harris,2004.0,2018.0,N,Y,Y,2004,1,5,N
2735,Josh,Childress,Josh Childress,"Childress, Josh",J. Childress,josh-childress,1983-06-20T00:00:00,Stanford,USA,Stanford/USA,6-8,210.0,9,,Forward-Guard,Inactive,N,0,,,,,josh_childress,2004.0,2013.0,Y,Y,Y,2004,1,6,N
2736,Luol,Deng,Luol Deng,"Deng, Luol",L. Deng,luol-deng,1985-04-16T00:00:00,Duke,United Kingdom,Duke/United Kingdom,6-9,237.0,16,9.0,Forward,Inactive,N,1610612741,Bulls,CHI,bulls,Chicago,luol_deng,2004.0,2018.0,N,Y,Y,2004,1,7,N
2737,Rafael,Araujo,Rafael Araujo,"Araujo, Rafael",R. Araujo,rafael-araujo,1980-08-12T00:00:00,Brigham Young,Brazil,Brigham Young/Brazil,6-11,270.0,4,55.0,Center,Inactive,N,1610612761,Raptors,TOR,raptors,Toronto,rafael_araujo,2004.0,2006.0,N,Y,Y,2004,1,8,N
2738,Andre,Iguodala,Andre Iguodala,"Iguodala, Andre",A. Iguodala,andre-iguodala,1984-01-28T00:00:00,Arizona,USA,Arizona/USA,6-6,215.0,20,9.0,Guard-Forward,Inactive,N,1610612744,Warriors,GSW,warriors,Golden State,andre_iguodala,2004.0,2022.0,N,Y,Y,2004,1,9,N
2739,Luke,Jackson,Luke Jackson,"Jackson, Luke",L. Jackson,luke-jackson,1981-11-06T00:00:00,Oregon,USA,Oregon/USA,6-7,215.0,5,,Forward-Guard,Inactive,N,0,,,,,luke_jackson,2004.0,2007.0,Y,Y,Y,2004,1,10,N
101106,Andrew,Bogut,Andrew Bogut,"Bogut, Andrew",A. Bogut,andrew-bogut,1984-11-28T00:00:00,Utah,Australia,Utah/Australia,7-0,260.0,15,12.0,Center,Inactive,N,1610612749,Bucks,MIL,bucks,Milwaukee,andrew_bogut,2005.0,2018.0,N,Y,Y,2005,1,1,N
101107,Marvin,Williams,Marvin Williams,"Williams, Marvin",M. Williams,marvin-williams,1986-06-19T00:00:00,North Carolina,USA,North Carolina/USA,6-8,237.0,16,20.0,Forward,Inactive,N,1610612737,Hawks,ATL,hawks,Atlanta,marvin_williams,2005.0,2019.0,N,Y,Y,2005,1,2,N
101114,Deron,Williams,Deron Williams,"Williams, Deron",D. Williams,deron-williams,1984-06-26T00:00:00,Illinois,USA,Illinois/USA,6-3,200.0,13,31.0,Guard,Inactive,N,1610612762,Jazz,UTA,jazz,Utah,deron_williams,2005.0,2016.0,N,Y,Y,2005,1,3,N
101108,Chris,Paul,Chris Paul,"Paul, Chris",C. Paul,chris-paul,1985-05-06T00:00:00,Wake Forest,USA,Wake Forest/USA,6-0,175.0,19,3.0,Guard,Active,Y,1610612759,Spurs,SAS,spurs,San Antonio,chris_paul,2005.0,2024.0,N,Y,Y,2005,1,4,Y
101109,Raymond,Felton,Raymond Felton,"Felton, Raymond",R. Felton,raymond-felton,1984-06-26T00:00:00,North Carolina,USA,North Carolina/USA,6-1,205.0,15,2.0,Guard,Inactive,N,1610612766,Bobcats,CHA,hornets,Charlotte,raymond_felton,2005.0,2018.0,N,Y,Y,2005,1,5,N
101110,Martell,Webster,Martell Webster,"Webster, Martell",M. Webster,martell-webster,1986-12-04T00:00:00,Seattle Preparatory HS (WA),USA,Seattle Preparatory HS (WA)/USA,6-7,230.0,11,9.0,Forward-Guard,Inactive,N,1610612757,Trail Blazers,POR,blazers,Portland,martell_webster,2005.0,2014.0,Y,Y,Y,2005,1,6,N
101111,Charlie,Villanueva,Charlie Villanueva,"Villanueva, Charlie",C. Villanueva,charlie-villanueva,1984-08-24T00:00:00,Connecticut,USA,Connecticut/USA,6-11,232.0,12,3.0,Forward,Inactive,N,1610612765,Pistons,DET,pistons,Detroit,charlie_villanueva,2005.0,2015.0,N,Y,Y,2005,1,7,N
101112,Channing,Frye,Channing Frye,"Frye, Channing",C. Frye,channing-frye,1983-05-17T00:00:00,Arizona,USA,Arizona/USA,7-0,255.0,14,9.0,Forward-Center,Inactive,N,1610612756,Suns,PHX,suns,Phoenix,channing_frye,2005.0,2018.0,N,Y,Y,2005,1,8,N
101113,Ike,Diogu,Ike Diogu,"Diogu, Ike",I. Diogu,ike-diogu,1983-09-11T00:00:00,Arizona State,USA,Arizona State/USA,6-9,250.0,7,,Forward,Inactive,N,0,,,,,ike_diogu,2005.0,2011.0,Y,Y,Y,2005,1,9,N
101115,Andrew,Bynum,Andrew Bynum,"Bynum, Andrew",A. Bynum,andrew-bynum,1987-10-27T00:00:00,No College,USA,St. Joseph HS (NJ)/USA,7-0,285.0,8,17.0,Center,Inactive,N,1610612747,Lakers,LAL,lakers,Los Angeles,andrew_bynum,2005.0,2013.0,N,Y,Y,2005,1,10,N
200745,Andrea,Bargnani,Andrea Bargnani,"Bargnani, Andrea",A. Bargnani,andrea-bargnani,1985-10-26T00:00:00,Benetton Treviso,Italy,Benetton Treviso/Italy,7-0,245.0,10,,Center-Forward,Inactive,N,0,,,,,andrea_bargnani,2006.0,2015.0,N,Y,Y,2006,1,1,N
200746,LaMarcus,Aldridge,LaMarcus Aldridge,"Aldridge, LaMarcus",L. Aldridge,lamarcus-aldridge,1985-07-19T00:00:00,University of Texas at Austin,USA,Texas/USA,6-11,250.0,17,21.0,Center-Forward,Inactive,N,1610612751,Nets,BKN,nets,Brooklyn,lamarcus_aldridge,2006.0,2021.0,N,Y,Y,2006,1,2,N
200747,Adam,Morrison,Adam Morrison,"Morrison, Adam",A. Morrison,adam-morrison,1984-07-19T00:00:00,Gonzaga,USA,Gonzaga/USA,6-8,205.0,4,6.0,Forward,Inactive,N,1610612766,Bobcats,CHA,hornets,Charlotte,adam_morrison,2006.0,2009.0,N,Y,Y,2006,1,3,N
200748,Tyrus,Thomas,Tyrus Thomas,"Thomas, Tyrus",T. Thomas,tyrus-thomas,1986-08-17T00:00:00,Louisiana State,USA,Louisiana State/USA,6-10,225.0,8,,Forward,Inactive,N,0,,,,,tyrus_thomas,2006.0,2014.0,Y,Y,Y,2006,1,4,N
200749,Shelden,Williams,Shelden Williams,"Williams, Shelden",S. Williams,shelden-williams,1983-10-21T00:00:00,Duke,USA,Duke/USA,6-9,250.0,7,33.0,Center-Forward,Inactive,N,1610612737,Hawks,ATL,hawks,Atlanta,shelden_williams,2006.0,2011.0,N,Y,Y,2006,1,5,N
200750,Brandon,Roy,Brandon Roy,"Roy, Brandon",B. Roy,brandon-roy,1984-07-23T00:00:00,Washington,USA,Washington/USA,6-6,211.0,6,3.0,Guard,Inactive,N,1610612757,Trail Blazers,POR,blazers,Portland,brandon_roy,2006.0,2012.0,N,Y,Y,2006,1,6,N
200751,Randy,Foye,Randy Foye,"Foye, Randy",R. Foye,randy-foye,1983-09-24T00:00:00,Villanova,USA,Villanova/USA,6-4,218.0,12,2.0,Guard,Inactive,N,1610612750,Timberwolves,MIN,timberwolves,Minnesota,randy_foye,2006.0,2016.0,N,Y,Y,2006,1,7,N
200752,Rudy,Gay,Rudy Gay,"Gay, Rudy",R. Gay,rudy-gay,1986-08-17T00:00:00,Connecticut,USA,Connecticut/USA,6-8,250.0,18,22.0,Forward-Guard,Inactive,N,1610612762,Jazz,UTA,jazz,Utah,rudy_gay,2006.0,2022.0,N,Y,Y,2006,1,8,N
200753,Patrick,O'Bryant,Patrick O'Bryant,"O'Bryant, Patrick",P. O'Bryant,patrick-obryant,1986-06-20T00:00:00,Bradley,USA,Bradley/USA,7-0,250.0,5,13.0,Center,Inactive,N,1610612744,Warriors,GSW,warriors,Golden State,patrick_o'bryant,2006.0,2009.0,Y,Y,Y,2006,1,9,N
200754,Mouhamed,Sene,Mouhamed Sene,"Sene, Mouhamed",M. Sene,mouhamed-sene,1986-05-12T00:00:00,Verviers-Pepinster,Senegal,Verviers-Pepinster/Senegal,6-11,230.0,4,18.0,Center,Inactive,N,1610612760,Thunder,OKC,thunder,Oklahoma City,mouhamed_sene,2006.0,2008.0,Y,Y,Y,2006,1,10,N
201141,Greg,Oden,Greg Oden,"Oden, Greg",G. Oden,greg-oden,1988-01-22T00:00:00,Ohio State,USA,Ohio State/USA,7-0,273.0,4,20.0,Center,Inactive,N,1610612757,Trail Blazers,POR,blazers,Portland,greg_oden,2007.0,2013.0,N,Y,Y,2007,1,1,N
201142,Kevin,Durant,Kevin Durant,"Durant, Kevin",K. Durant,kevin-durant,1988-09-29T00:00:00,Texas,USA,Texas/USA,6-11,240.0,16,35.0,Forward,Active,Y,1610612756,Suns,PHX,suns,Phoenix,kevin_durant,2007.0,2024.0,N,Y,Y,2007,1,2,Y
201143,Al,Horford,Al Horford,"Horford, Al",A. Horford,al-horford,1986-06-03T00:00:00,Florida,Dominican Republic,Florida/Dominican Republic,6-9,240.0,17,42.0,Center-Forward,Active,Y,1610612738,Celtics,BOS,celtics,Boston,al_horford,2007.0,2024.0,N,Y,Y,2007,1,3,N
201144,Mike,Conley,Mike Conley,"Conley, Mike",M. Conley,mike-conley,1987-10-11T00:00:00,Ohio State,USA,Ohio State/USA,6-0,175.0,17,10.0,Guard,Active,Y,1610612750,Timberwolves,MIN,timberwolves,Minnesota,mike_conley,2007.0,2024.0,N,Y,Y,2007,1,4,N
201145,Jeff,Green,Jeff Green,"Green, Jeff",J. Green,jeff-green,1986-08-28T00:00:00,Georgetown,USA,Georgetown/USA,6-8,235.0,16,32.0,Forward,Active,Y,1610612745,Rockets,HOU,rockets,Houston,jeff_green,2007.0,2024.0,N,Y,Y,2007,1,5,N
201146,Yi,Jianlian,Yi Jianlian,Yi Jianlian,J. Yi,yi-jianlian,1987-10-27T00:00:00,Guangdong,China,Guangdong/China,7-0,250.0,6,9.0,Forward,Inactive,N,1610612751,Nets,NJN,nets,New Jersey,jianlian_yi,2007.0,2011.0,Y,Y,Y,2007,1,6,N
201147,Corey,Brewer,Corey Brewer,"Brewer, Corey",C. Brewer,corey-brewer,1986-03-05T00:00:00,Florida,USA,Florida/USA,6-9,188.0,14,13.0,Guard-Forward,Inactive,N,1610612750,Timberwolves,MIN,timberwolves,Minnesota,corey_brewer,2007.0,2019.0,N,Y,Y,2007,1,7,N
201148,Brandan,Wright,Brandan Wright,"Wright, Brandan",B. Wright,brandan-wright,1987-10-05T00:00:00,North Carolina,USA,North Carolina/USA,6-10,235.0,10,,Forward-Center,Inactive,N,0,,,,,brandan_wright,2007.0,2017.0,N,Y,Y,2007,1,8,N
201149,Joakim,Noah,Joakim Noah,"Noah, Joakim",J. Noah,joakim-noah,1985-02-25T00:00:00,Florida,USA,Florida/USA,6-11,232.0,14,55.0,Forward-Center,Inactive,N,1610612741,Bulls,CHI,bulls,Chicago,joakim_noah,2007.0,2019.0,Y,Y,Y,2007,1,9,N
201150,Spencer,Hawes,Spencer Hawes,"Hawes, Spencer",S. Hawes,spencer-hawes,1988-04-28T00:00:00,Washington,USA,Washington/USA,7-1,245.0,11,0.0,Forward-Center,Inactive,N,1610612755,76ers,PHI,sixers,Philadelphia,spencer_hawes,2007.0,2016.0,Y,Y,Y,2007,1,10,N
201565,Derrick,Rose,Derrick Rose,"Rose, Derrick",D. Rose,derrick-rose,1988-10-04T00:00:00,Memphis,USA,Memphis/USA,6-3,200.0,16,23.0,Guard,Inactive,N,1610612763,Grizzlies,MEM,grizzlies,Memphis,derrick_rose,2008.0,2023.0,N,Y,Y,2008,1,1,N
201563,Michael,Beasley,Michael Beasley,"Beasley, Michael",M. Beasley,michael-beasley,1989-01-09T00:00:00,Kansas State,USA,Kansas State/USA,6-9,235.0,12,,Forward,Inactive,N,0,,,,,michael_beasley,2008.0,2018.0,N,Y,Y,2008,1,2,N
201564,O.J.,Mayo,O.J. Mayo,"Mayo, O.J.",O. Mayo,oj-mayo,1987-11-05T00:00:00,Southern California,USA,Southern California/USA,6-5,210.0,9,3.0,Guard,Inactive,N,1610612763,Grizzlies,MEM,grizzlies,Memphis,o.j._mayo,2008.0,2015.0,N,Y,Y,2008,1,3,N
201566,Russell,Westbrook,Russell Westbrook,"Westbrook, Russell",R. Westbrook,russell-westbrook,1988-11-12T00:00:00,UCLA,USA,UCLA/USA,6-4,200.0,16,4.0,Guard,Active,Y,1610612743,Nuggets,DEN,nuggets,Denver,russell_westbrook,2008.0,2024.0,N,Y,Y,2008,1,4,Y
201567,Kevin,Love,Kevin Love,"Love, Kevin",K. Love,kevin-love,1988-09-07T00:00:00,UCLA,USA,UCLA/USA,6-8,251.0,16,42.0,Forward-Center,Active,Y,1610612748,Heat,MIA,heat,Miami,kevin_love,2008.0,2024.0,N,Y,Y,2008,1,5,N
201568,Danilo,Gallinari,Danilo Gallinari,"Gallinari, Danilo",D. Gallinari,danilo-gallinari,1988-08-08T00:00:00,Olimpia Milano,Italy,Olimpia Milano/Italy,6-10,236.0,15,12.0,Forward,Inactive,N,1610612749,Bucks,MIL,bucks,Milwaukee,danilo_gallinari,2008.0,2023.0,N,Y,Y,2008,1,6,N
201569,Eric,Gordon,Eric Gordon,"Gordon, Eric",E. Gordon,eric-gordon,1988-12-25T00:00:00,Indiana,USA,Indiana/USA,6-3,215.0,16,23.0,Guard,Active,Y,1610612755,76ers,PHI,sixers,Philadelphia,eric_gordon,2008.0,2024.0,N,Y,Y,2008,1,7,N
201570,Joe,Alexander,Joe Alexander,"Alexander, Joe",J. Alexander,joe-alexander,1986-12-26T00:00:00,West Virginia,USA,West Virginia/USA,6-8,230.0,3,20.0,Forward,Inactive,N,1610612749,Bucks,MIL,bucks,Milwaukee,joe_alexander,2008.0,2009.0,Y,Y,Y,2008,1,8,N
201571,D.J.,Augustin,D.J. Augustin,"Augustin, D.J.",D. Augustin,dj-augustin,1987-11-10T00:00:00,Texas,USA,Texas/USA,5-11,183.0,15,4.0,Guard,Inactive,N,1610612745,Rockets,HOU,rockets,Houston,d.j._augustin,2008.0,2022.0,N,Y,Y,2008,1,9,N
201572,Brook,Lopez,Brook Lopez,"Lopez, Brook",B. Lopez,brook-lopez,1988-04-01T00:00:00,Stanford,USA,Stanford/USA,7-1,282.0,16,11.0,Center,Active,Y,1610612749,Bucks,MIL,bucks,Milwaukee,brook_lopez,2008.0,2024.0,N,Y,Y,2008,1,10,N
201933,Blake,Griffin,Blake Griffin,"Griffin, Blake",B. Griffin,blake-griffin,1989-03-16T00:00:00,Oklahoma,USA,Oklahoma/USA,6-9,250.0,14,91.0,Forward,Inactive,N,1610612738,Celtics,BOS,celtics,Boston,blake_griffin,2009.0,2022.0,N,Y,Y,2009,1,1,N
201934,Hasheem,Thabeet,Hasheem Thabeet,"Thabeet, Hasheem",H. Thabeet,hasheem-thabeet,1987-02-16T00:00:00,Connecticut,Tanzania,Connecticut/Tanzania,7-3,263.0,5,34.0,Center,Inactive,N,1610612763,Grizzlies,MEM,grizzlies,Memphis,hasheem_thabeet,2009.0,2013.0,Y,Y,Y,2009,1,2,N
201935,James,Harden,James Harden,"Harden, James",J. Harden,james-harden,1989-08-26T00:00:00,Arizona State,USA,Arizona State/USA,6-5,220.0,15,1.0,Guard,Active,Y,1610612746,Clippers,LAC,clippers,LA,james_harden,2009.0,2024.0,N,Y,Y,2009,1,3,Y
201936,Tyreke,Evans,Tyreke Evans,"Evans, Tyreke",T. Evans,tyreke-evans,1989-09-19T00:00:00,Memphis,USA,Memphis/USA,6-6,220.0,10,,Guard,Inactive,N,0,,,,,tyreke_evans,2009.0,2018.0,Y,Y,Y,2009,1,4,N
201937,Ricky,Rubio,Ricky Rubio,"Rubio, Ricky",R. Rubio,ricky-rubio,1990-10-21T00:00:00,FC Barcelona,Spain,FC Barcelona/Spain,6-2,190.0,13,13.0,Guard,Inactive,N,1610612739,Cavaliers,CLE,cavaliers,Cleveland,ricky_rubio,2011.0,2022.0,N,Y,Y,2009,1,5,N
201938,Jonny,Flynn,Jonny Flynn,"Flynn, Jonny",J. Flynn,jonny-flynn,1989-02-06T00:00:00,Syracuse,USA,Syracuse/USA,6-0,185.0,4,3.0,Guard,Inactive,N,1610612750,Timberwolves,MIN,timberwolves,Minnesota,jonny_flynn,2009.0,2011.0,Y,Y,Y,2009,1,6,N
201939,Stephen,Curry,Stephen Curry,"Curry, Stephen",S. Curry,stephen-curry,1988-03-14T00:00:00,Davidson,USA,Davidson/USA,6-2,185.0,15,30.0,Guard,Active,Y,1610612744,Warriors,GSW,warriors,Golden State,stephen_curry,2009.0,2024.0,N,Y,Y,2009,1,7,Y
201941,Jordan,Hill,Jordan Hill,"Hill, Jordan",J. Hill,jordan-hill,1987-07-27T00:00:00,Arizona,USA,Arizona/USA,6-10,240.0,9,27.0,Forward-Center,Inactive,N,1610612747,Lakers,LAL,lakers,Los Angeles,jordan_hill,2009.0,2016.0,N,Y,Y,2009,1,8,N
201942,DeMar,DeRozan,DeMar DeRozan,"DeRozan, DeMar",D. DeRozan,demar-derozan,1989-08-07T00:00:00,Southern California,USA,Southern California/USA,6-6,220.0,15,10.0,Guard-Forward,Active,Y,1610612758,Kings,SAC,kings,Sacramento,demar_derozan,2009.0,2024.0,N,Y,Y,2009,1,9,N
201943,Brandon,Jennings,Brandon Jennings,"Jennings, Brandon",B. Jennings,brandon-jennings,1989-09-23T00:00:00,Virtus Roma,USA,Virtus Roma/USA,6-1,170.0,9,11.0,Guard,Inactive,N,1610612749,Bucks,MIL,bucks,Milwaukee,brandon_jennings,2009.0,2017.0,Y,Y,Y,2009,1,10,N
202322,John,Wall,John Wall,"Wall, John",J. Wall,john-wall,1990-09-06T00:00:00,Kentucky,USA,Kentucky/USA,6-3,210.0,11,,Guard,Inactive,N,0,,,,,john_wall,2010.0,2022.0,N,Y,Y,2010,1,1,N
202323,Evan,Turner,Evan Turner,"Turner, Evan",E. Turner,evan-turner,1988-10-27T00:00:00,Ohio State,USA,Ohio State/USA,6-6,220.0,11,1.0,Guard-Forward,Inactive,N,1610612755,76ers,PHI,sixers,Philadelphia,evan_turner,2010.0,2019.0,N,Y,Y,2010,1,2,N
202324,Derrick,Favors,Derrick Favors,"Favors, Derrick",D. Favors,derrick-favors,1991-07-15T00:00:00,Georgia Tech,USA,Georgia Tech/USA,6-9,265.0,13,15.0,Forward,Inactive,N,1610612760,Thunder,OKC,thunder,Oklahoma City,derrick_favors,2010.0,2021.0,Y,Y,Y,2010,1,3,N
202325,Wesley,Johnson,Wesley Johnson,"Johnson, Wesley",W. Johnson,wesley-johnson,1987-07-11T00:00:00,Syracuse,USA,Syracuse/USA,6-7,215.0,10,4.0,Forward-Guard,Inactive,N,1610612746,Clippers,LAC,clippers,LA,wesley_johnson,2010.0,2018.0,N,Y,Y,2010,1,4,N
202326,DeMarcus,Cousins,DeMarcus Cousins,"Cousins, DeMarcus",D. Cousins,demarcus-cousins,1990-08-13T00:00:00,Kentucky,USA,Kentucky/USA,6-10,270.0,12,4.0,Center,Inactive,N,1610612743,Nuggets,DEN,nuggets,Denver,demarcus_cousins,2010.0,2021.0,N,Y,Y,2010,1,5,N
202327,Ekpe,Udoh,Ekpe Udoh,"Udoh, Ekpe",E. Udoh,ekpe-udoh,1987-05-20T00:00:00,Baylor,USA,Baylor/USA,6-10,245.0,8,33.0,Center-Forward,Inactive,N,1610612749,Bucks,MIL,bucks,Milwaukee,ekpe_udoh,2010.0,2018.0,N,Y,Y,2010,1,6,N
202328,Greg,Monroe,Greg Monroe,"Monroe, Greg",G. Monroe,greg-monroe,1990-06-04T00:00:00,Georgetown,USA,Georgetown/USA,6-10,250.0,11,15.0,Forward-Center,Inactive,N,1610612750,Timberwolves,MIN,timberwolves,Minnesota,greg_monroe,2010.0,2021.0,Y,Y,Y,2010,1,7,N
202329,Al-Farouq,Aminu,Al-Farouq Aminu,"Aminu, Al-Farouq",A. Aminu,al-farouq-aminu,1990-09-21T00:00:00,Wake Forest,USA,Wake Forest/USA,6-8,220.0,12,5.0,Forward,Inactive,N,1610612757,Trail Blazers,POR,blazers,Portland,al-farouq_aminu,2010.0,2020.0,N,Y,Y,2010,1,8,N
202330,Gordon,Hayward,Gordon Hayward,"Hayward, Gordon",G. Hayward,gordon-hayward,1990-03-23T00:00:00,Butler,USA,Butler/USA,6-7,225.0,15,33.0,Forward,Inactive,N,1610612760,Thunder,OKC,thunder,Oklahoma City,gordon_hayward,2010.0,2023.0,N,Y,Y,2010,1,9,N
202331,Paul,George,Paul George,"George, Paul",P. George,paul-george,1990-05-02T00:00:00,Fresno State,USA,Fresno State/USA,6-8,220.0,14,8.0,Forward,Active,Y,1610612755,76ers,PHI,sixers,Philadelphia,paul_george,2010.0,2024.0,N,Y,Y,2010,1,10,N
202681,Kyrie,Irving,Kyrie Irving,"Irving, Kyrie",K. Irving,kyrie-irving,1992-03-23T00:00:00,Duke,Australia,Duke/Australia,6-2,195.0,13,11.0,Guard,Active,Y,1610612742,Mavericks,DAL,mavericks,Dallas,kyrie_irving,2011.0,2024.0,N,Y,Y,2011,1,1,N
202682,Derrick,Williams,Derrick Williams,"Williams, Derrick",D. Williams,derrick-williams,1991-05-25T00:00:00,Arizona,USA,Arizona/USA,6-8,240.0,7,,Forward,Inactive,N,0,,,,,derrick_williams,2011.0,2017.0,N,Y,Y,2011,1,2,N
202683,Enes,Freedom,Enes Freedom,"Freedom, Enes",E. Freedom,enes-freedom,1992-05-20T00:00:00,Fenerbahce,Turkey,Fenerbahce/Turkey,6-10,250.0,11,,Center,Inactive,N,0,,,,,enes_freedom,2011.0,2021.0,N,Y,Y,2011,1,3,N
202684,Tristan,Thompson,Tristan Thompson,"Thompson, Tristan",T. Thompson,tristan-thompson,1991-03-13T00:00:00,Texas-Austin,Canada,Texas-Austin/Canada,6-9,254.0,13,13.0,Center-Forward,Active,Y,1610612739,Cavaliers,CLE,cavaliers,Cleveland,tristan_thompson,2011.0,2024.0,N,Y,Y,2011,1,4,N
202685,Jonas,Valaninas,Jonas Valaninas,"Valaninas, Jonas",J. Valaninas,jonas-valaninas,1992-05-06T00:00:00,Lietuvos rytas Vilnius,Lithuania,Lietuvos rytas Vilnius/Lithuania,6-11,265.0,12,17.0,Center,Active,Y,1610612758,Kings,SAC,kings,Sacramento,jonas_valanciunas,2012.0,2024.0,N,Y,Y,2011,1,5,N
202686,Jan,Vesely,Jan Vesely,"Vesely, Jan",J. Vesely,jan-vesely,1990-04-24T00:00:00,Partizan,Czech Republic,Partizan/Czech Republic,7-0,242.0,3,24.0,Forward,Inactive,N,1610612764,Wizards,WAS,wizards,Washington,jan_vesely,2011.0,2013.0,N,Y,Y,2011,1,6,N
202687,Bismack,Biyombo,Bismack Biyombo,"Biyombo, Bismack",B. Biyombo,bismack-biyombo,1992-08-28T00:00:00,Baloncesto Fuenlabrada,DRC,Baloncesto Fuenlabrada/DRC,6-8,255.0,13,15.0,Center,Active,Y,1610612759,Spurs,SAS,spurs,San Antonio,bismack_biyombo,2011.0,2024.0,N,Y,Y,2011,1,7,N
202688,Brandon,Knight,Brandon Knight,"Knight, Brandon",B. Knight,brandon-knight,1991-12-02T00:00:00,Kentucky,USA,Kentucky/USA,6-2,182.0,9,,Guard,Inactive,N,0,,,,,brandon_knight,2011.0,2021.0,Y,Y,Y,2011,1,8,N
202689,Kemba,Walker,Kemba Walker,"Walker, Kemba",K. Walker,kemba-walker,1990-05-08T00:00:00,Connecticut,USA,Connecticut/USA,6-0,184.0,12,,Guard,Inactive,N,0,,,,,kemba_walker,2011.0,2022.0,N,Y,Y,2011,1,9,N
202690,Jimmer,Fredette,Jimmer Fredette,"Fredette, Jimmer",J. Fredette,jimmer-fredette,1989-02-25T00:00:00,Brigham Young,USA,Brigham Young/USA,6-2,195.0,7,32.0,Guard,Inactive,N,1610612758,Kings,SAC,kings,Sacramento,jimmer_fredette,2011.0,2018.0,Y,Y,Y,2011,1,10,N
203076,Anthony,Davis,Anthony Davis,"Davis, Anthony",A. Davis,anthony-davis,1993-03-11T00:00:00,Kentucky,USA,Kentucky/USA,6-10,253.0,12,3.0,Forward-Center,Active,Y,1610612742,Mavericks,DAL,mavericks,Dallas,anthony_davis,2012.0,2024.0,N,Y,Y,2012,1,1,Y
203077,Michael,Kidd-Gilchrist,Michael Kidd-Gilchrist,"Kidd-Gilchrist, Michael",M. Kidd-Gilchrist,michael-kidd-gilchrist,1993-09-26T00:00:00,Kentucky,USA,Kentucky/USA,6-6,232.0,9,9.0,Forward,Inactive,N,1610612766,Hornets,CHA,hornets,Charlotte,michael_kidd-gilchrist,2012.0,2019.0,N,Y,Y,2012,1,2,N
203078,Bradley,Beal,Bradley Beal,"Beal, Bradley",B. Beal,bradley-beal,1993-06-28T00:00:00,Florida,USA,Florida/USA,6-4,207.0,12,3.0,Guard,Active,Y,1610612756,Suns,PHX,suns,Phoenix,bradley_beal,2012.0,2024.0,N,Y,Y,2012,1,3,N
203079,Dion,Waiters,Dion Waiters,"Waiters, Dion",D. Waiters,dion-waiters,1991-12-10T00:00:00,Syracuse,USA,Syracuse/USA,6-3,210.0,9,18.0,Guard,Inactive,N,1610612739,Cavaliers,CLE,cavaliers,Cleveland,dion_waiters,2012.0,2019.0,N,Y,Y,2012,1,4,N
203080,Thomas,Robinson,Thomas Robinson,"Robinson, Thomas",T. Robinson,thomas-robinson,1991-03-17T00:00:00,Kansas,USA,Kansas/USA,6-10,237.0,6,15.0,Forward,Inactive,N,1610612757,Trail Blazers,POR,blazers,Portland,thomas_robinson,2012.0,2016.0,Y,Y,Y,2012,1,5,N
203081,Damian,Lillard,Damian Lillard,"Lillard, Damian",D. Lillard,damian-lillard,1990-07-15T00:00:00,Weber State,USA,Weber State/USA,6-2,195.0,12,0.0,Guard,Active,Y,1610612749,Bucks,MIL,bucks,Milwaukee,damian_lillard,2012.0,2024.0,N,Y,Y,2012,1,6,Y
203084,Harrison,Barnes,Harrison Barnes,"Barnes, Harrison",H. Barnes,harrison-barnes,1992-05-30T00:00:00,North Carolina,USA,North Carolina/USA,6-8,225.0,12,40.0,Forward,Active,Y,1610612759,Spurs,SAS,spurs,San Antonio,harrison_barnes,2012.0,2024.0,N,Y,Y,2012,1,7,N
203082,Terrence,Ross,Terrence Ross,"Ross, Terrence",T. Ross,terrence-ross,1991-02-05T00:00:00,Washington,USA,Washington/USA,6-7,206.0,12,8.0,Guard-Forward,Inactive,N,1610612756,Suns,PHX,suns,Phoenix,terrence_ross,2012.0,2022.0,N,Y,Y,2012,1,8,N
203083,Andre,Drummond,Andre Drummond,"Drummond, Andre",A. Drummond,andre-drummond,1993-08-10T00:00:00,Connecticut,USA,Connecticut/USA,6-11,279.0,12,1.0,Center,Active,Y,1610612755,76ers,PHI,sixers,Philadelphia,andre_drummond,2012.0,2024.0,N,Y,Y,2012,1,9,N
203085,Austin,Rivers,Austin Rivers,"Rivers, Austin",A. Rivers,austin-rivers,1992-08-01T00:00:00,Duke,USA,Duke/USA,6-4,200.0,12,25.0,Guard,Inactive,N,1610612750,Timberwolves,MIN,timberwolves,Minnesota,austin_rivers,2012.0,2022.0,N,Y,Y,2012,1,10,N
203461,Anthony,Bennett,Anthony Bennett,"Bennett, Anthony",A. Bennett,anthony-bennett,1993-03-14T00:00:00,UNLV,Canada,UNLV/Canada,6-8,235.0,5,,Forward,Inactive,N,0,,,,,anthony_bennett,2013.0,2016.0,Y,Y,Y,2013,1,1,N
203506,Victor,Oladipo,Victor Oladipo,"Oladipo, Victor",V. Oladipo,victor-oladipo,1992-05-04T00:00:00,Indiana,USA,Indiana/USA,6-3,213.0,11,4.0,Guard,Inactive,N,1610612748,Heat,MIA,heat,Miami,victor_oladipo,2013.0,2022.0,N,Y,Y,2013,1,2,N
203490,Otto,Porter Jr.,Otto Porter Jr.,"Porter Jr., Otto",O. Porter Jr.,otto-porter-jr,1993-06-03T00:00:00,Georgetown,USA,Georgetown/USA,6-8,230.0,11,,Forward,Inactive,N,0,,,,,otto_porter_jr,2013.0,2023.0,N,Y,Y,2013,1,3,N
203469,Cody,Zeller,Cody Zeller,"Zeller, Cody",C. Zeller,cody-zeller,1992-10-05T00:00:00,Indiana,USA,Indiana/USA,6-11,240.0,12,40.0,Forward-Center,Inactive,N,1610612740,Pelicans,NOP,pelicans,New Orleans,cody_zeller,2013.0,2023.0,N,Y,Y,2013,1,4,N
203458,Alex,Len,Alex Len,"Len, Alex",A. Len,alex-len,1993-06-16T00:00:00,Maryland,Ukraine,Maryland/Ukraine,7-0,250.0,11,27.0,Center,Active,Y,1610612747,Lakers,LAL,lakers,Los Angeles,alex_len,2013.0,2024.0,N,Y,Y,2013,1,5,N
203457,Nerlens,Noel,Nerlens Noel,"Noel, Nerlens",N. Noel,nerlens-noel,1994-04-10T00:00:00,Kentucky,USA,Kentucky/USA,6-10,220.0,10,,Center-Forward,Inactive,N,0,,,,,nerlens_noel,2013.0,2022.0,N,Y,Y,2013,1,6,N
203463,Ben,McLemore,Ben McLemore,"McLemore, Ben",B. McLemore,ben-mclemore,1993-02-11T00:00:00,Kansas,USA,Kansas/USA,6-3,195.0,10,23.0,Guard,Inactive,N,1610612757,Trail Blazers,POR,blazers,Portland,ben_mclemore,2013.0,2021.0,Y,Y,Y,2013,1,7,N
203484,Kentavious,Caldwell-Pope,Kentavious Caldwell-Pope,"Caldwell-Pope, Kentavious",K. Caldwell-Pope,kentavious-caldwell-pope,1993-02-18T00:00:00,Georgia,USA,Georgia/USA,6-5,204.0,11,3.0,Guard,Active,Y,1610612753,Magic,ORL,magic,Orlando,kentavious_caldwell-pope,2013.0,2024.0,N,Y,Y,2013,1,8,N
203504,Trey,Burke,Trey Burke,"Burke, Trey",T. Burke,trey-burke,1992-11-12T00:00:00,Michigan,USA,Michigan/USA,6-0,185.0,10,3.0,Guard,Inactive,N,1610612742,Mavericks,DAL,mavericks,Dallas,trey_burke,2013.0,2021.0,Y,Y,Y,2013,1,9,N
203468,CJ,McCollum,CJ McCollum,"McCollum, CJ",C. McCollum,cj-mccollum,1991-09-19T00:00:00,Lehigh,USA,Lehigh/USA,6-3,190.0,11,3.0,Guard,Active,Y,1610612740,Pelicans,NOP,pelicans,New Orleans,cj_mccollum,2013.0,2024.0,Y,Y,Y,2013,1,10,N
203952,Andrew,Wiggins,Andrew Wiggins,"Wiggins, Andrew",A. Wiggins,andrew-wiggins,1995-02-23T00:00:00,Kansas,Canada,Kansas/Canada,6-7,197.0,10,22.0,Forward,Active,Y,1610612748,Heat,MIA,heat,Miami,andrew_wiggins,2014.0,2024.0,N,Y,Y,2014,1,1,N
203953,Jabari,Parker,Jabari Parker,"Parker, Jabari",J. Parker,jabari-parker,1995-03-15T00:00:00,Duke,USA,Duke/USA,6-7,245.0,8,,Forward,Inactive,N,0,,,,,jabari_parker,2014.0,2021.0,N,Y,Y,2014,1,2,N
203954,Joel,Embiid,Joel Embiid,"Embiid, Joel",J. Embiid,joel-embiid,1994-03-16T00:00:00,Kansas,Cameroon,Kansas/Cameroon,7-0,280.0,8,21.0,Center-Forward,Active,Y,1610612755,76ers,PHI,sixers,Philadelphia,joel_embiid,2014.0,2024.0,N,Y,Y,2014,1,3,N
203932,Aaron,Gordon,Aaron Gordon,"Gordon, Aaron",A. Gordon,aaron-gordon,1995-09-16T00:00:00,Arizona,USA,Arizona/USA,6-8,235.0,10,32.0,Forward,Active,Y,1610612743,Nuggets,DEN,nuggets,Denver,aaron_gordon,2014.0,2024.0,N,Y,Y,2014,1,4,N
203957,Dant,Exum,Dant Exum,"Exum, Dant",D. Exum,dant-exum,1995-07-13T00:00:00,Australian Institute of Sport,Australia,Australian Institute of Sport/Australia,6-5,214.0,7,0.0,Guard,Active,Y,1610612742,Mavericks,DAL,mavericks,Dallas,dante_exum,2014.0,2024.0,N,Y,Y,2014,1,5,N
203935,Marcus,Smart,Marcus Smart,"Smart, Marcus",M. Smart,marcus-smart,1994-03-06T00:00:00,Oklahoma State,USA,Oklahoma State/USA,6-3,220.0,10,36.0,Guard,Active,Y,1610612764,Wizards,WAS,wizards,Washington,marcus_smart,2014.0,2024.0,Y,Y,Y,2014,1,6,N
203944,Julius,Randle,Julius Randle,"Randle, Julius",J. Randle,julius-randle,1994-11-29T00:00:00,Kentucky,USA,Kentucky/USA,6-9,250.0,10,30.0,Forward-Center,Active,Y,1610612750,Timberwolves,MIN,timberwolves,Minnesota,julius_randle,2014.0,2024.0,N,Y,Y,2014,1,7,N
203917,Nik,Stauskas,Nik Stauskas,"Stauskas, Nik",N. Stauskas,nik-stauskas,1993-10-07T00:00:00,Michigan,Canada,Michigan/Canada,6-6,207.0,7,13.0,Guard,Inactive,N,1610612738,Celtics,BOS,celtics,Boston,nik_stauskas,2014.0,2021.0,Y,Y,Y,2014,1,8,N
203943,Noah,Vonleh,Noah Vonleh,"Vonleh, Noah",N. Vonleh,noah-vonleh,1995-08-24T00:00:00,Indiana,USA,Indiana/USA,6-10,257.0,8,,Forward,Inactive,N,0,,,,,noah_vonleh,2014.0,2022.0,Y,Y,Y,2014,1,9,N
203901,Elfrid,Payton,Elfrid Payton,"Payton, Elfrid",E. Payton,elfrid-payton,1994-02-22T00:00:00,Louisana-Lafayette,USA,Louisana-Lafayette/USA,6-3,195.0,8,4.0,Guard,Active,Y,1610612740,Pelicans,NOP,pelicans,New Orleans,elfrid_payton,2014.0,2024.0,Y,Y,Y,2014,1,10,N
1626157,Karl-Anthony,Towns,Karl-Anthony Towns,"Towns, Karl-Anthony",K. Towns,karl-anthony-towns,1995-11-15T00:00:00,Kentucky,USA,Kentucky/USA,7-0,248.0,9,32.0,Center-Forward,Active,Y,1610612752,Knicks,NYK,knicks,New York,karl-anthony_towns,2015.0,2024.0,N,Y,Y,2015,1,1,N
1626156,D'Angelo,Russell,D'Angelo Russell,"Russell, D'Angelo",D. Russell,dangelo-russell,1996-02-23T00:00:00,Ohio State,USA,Ohio State/USA,6-3,193.0,9,1.0,Guard,Active,Y,1610612751,Nets,BKN,nets,Brooklyn,d'angelo_russell,2015.0,2024.0,N,Y,Y,2015,1,2,N
1626143,Jahlil,Okafor,Jahlil Okafor,"Okafor, Jahlil",J. Okafor,jahlil-okafor,1995-12-15T00:00:00,Duke,USA,Duke/USA,6-10,270.0,6,,Center-Forward,Inactive,Y,0,,,,,jahlil_okafor,2015.0,2024.0,Y,Y,Y,2015,1,3,N
204001,Kristaps,Porziis,Kristaps Porziis,"Porziis, Kristaps",K. Porziis,kristaps-porziis,1995-08-02T00:00:00,Cajasol Sevilla,Latvia,Cajasol Sevilla/Latvia,7-2,240.0,8,8.0,Forward-Center,Active,Y,1610612738,Celtics,BOS,celtics,Boston,kristaps_porzingis,2015.0,2024.0,N,Y,Y,2015,1,4,N
1626209,Mario,Hezonja,Mario Hezonja,"Hezonja, Mario",M. Hezonja,mario-hezonja,1995-02-25T00:00:00,FC Barcelona,Croatia,FC Barcelona/Croatia,6-8,220.0,6,44.0,Forward-Guard,Inactive,N,1610612753,Magic,ORL,magic,Orlando,mario_hezonja,2015.0,2019.0,N,Y,Y,2015,1,5,N
1626161,Willie,Cauley-Stein,Willie Cauley-Stein,"Cauley-Stein, Willie",W. Cauley-Stein,willie-cauley-stein,1993-08-18T00:00:00,Kentucky,USA,Kentucky/USA,7-0,240.0,8,0.0,Center,Inactive,N,1610612745,Rockets,HOU,rockets,Houston,willie_cauley-stein,2015.0,2022.0,Y,Y,Y,2015,1,6,N
1626144,Emmanuel,Mudiay,Emmanuel Mudiay,"Mudiay, Emmanuel",E. Mudiay,emmanuel-mudiay,1996-03-05T00:00:00,Guangdong,Democratic Republic of the Congo,Guangdong/Democratic Republic of the Congo,6-3,200.0,7,,Guard,Inactive,N,0,,,,,emmanuel_mudiay,2015.0,2021.0,Y,Y,Y,2015,1,7,N
1626169,Stanley,Johnson,Stanley Johnson,"Johnson, Stanley",S. Johnson,stanley-johnson,1996-05-29T00:00:00,Arizona,USA,Arizona/USA,6-6,242.0,8,,Forward-Guard,Inactive,N,0,,,,,stanley_johnson,2015.0,2022.0,Y,Y,Y,2015,1,8,N
1626163,Frank,Kaminsky,Frank Kaminsky,"Kaminsky, Frank",F. Kaminsky,frank-kaminsky,1993-04-04T00:00:00,Wisconsin,USA,Wisconsin/USA,7-0,240.0,9,33.0,Forward-Center,Inactive,Y,1610612745,Rockets,HOU,rockets,Houston,frank_kaminsky,2015.0,2022.0,Y,Y,Y,2015,1,9,N
1626159,Justise,Winslow,Justise Winslow,"Winslow, Justise",J. Winslow,justise-winslow,1996-03-26T00:00:00,Duke,USA,Duke/USA,6-6,222.0,9,26.0,Forward-Guard,Inactive,N,1610612757,Trail Blazers,POR,blazers,Portland,justise_winslow,2015.0,2022.0,Y,Y,Y,2015,1,10,N
